                                      1 ;--------------------------------------------------------
                                      2 ; File Created by SDCC : free open source ISO C Compiler
                                      3 ; Version 4.5.1 #15267 (MINGW64)
                                      4 ;--------------------------------------------------------
                                      5 	.module Scroll
                                      6 	
                                      7 ;--------------------------------------------------------
                                      8 ; Public variables in this module
                                      9 ;--------------------------------------------------------
                                     10 	.globl _ScrollUpdateColumnWithDelay
                                     11 	.globl _ScrollUpdateColumnR
                                     12 	.globl _ScrollUpdateRowWithDelay
                                     13 	.globl _ScrollUpdateRowR
                                     14 	.globl _ClampScrollLimits
                                     15 	.globl _UPDATE_TILE
                                     16 	.globl _SetPalette
                                     17 	.globl _set_vram_word
                                     18 	.globl _get_bkg_xy_addr
                                     19 	.globl _set_bkg_native_data
                                     20 	.globl _memset
                                     21 	.globl _last_tile_loaded
                                     22 	.globl _pending_w_cmap
                                     23 	.globl _pending_h_cmap
                                     24 	.globl _pending_w_map
                                     25 	.globl _pending_h_map
                                     26 	.globl _clamp_enabled
                                     27 	.globl _scroll_h_border
                                     28 	.globl _scroll_offset_y
                                     29 	.globl _scroll_offset_x
                                     30 	.globl _scroll_target
                                     31 	.globl _scroll_y_vblank
                                     32 	.globl _scroll_x_vblank
                                     33 	.globl _scroll_y
                                     34 	.globl _scroll_x
                                     35 	.globl _scroll_cmap
                                     36 	.globl _scroll_map
                                     37 	.globl _scroll_bottom_movement_limit
                                     38 	.globl _scroll_top_movement_limit
                                     39 	.globl _scroll_cptr
                                     40 	.globl _scroll_ptr
                                     41 	.globl _tiles_0
                                     42 	.globl _tiles_bank_0
                                     43 	.globl _hud_map_offset
                                     44 	.globl _pending_w_i
                                     45 	.globl _pending_w_y
                                     46 	.globl _pending_w_x
                                     47 	.globl _pending_h_i
                                     48 	.globl _pending_h_y
                                     49 	.globl _pending_h_x
                                     50 	.globl _scroll_bank
                                     51 	.globl _scroll_tile_info
                                     52 	.globl _scroll_collisions
                                     53 	.globl _scroll_tiles_h
                                     54 	.globl _scroll_tiles_w
                                     55 	.globl _scroll_h
                                     56 	.globl _scroll_w
                                     57 	.globl _ScrollSetTiles
                                     58 	.globl _UpdateMapTile
                                     59 	.globl _LoadMap
                                     60 	.globl _ScrollSetMap
                                     61 	.globl _ScrollInitTilesFromMap
                                     62 	.globl _ScrollCollisionsReset
                                     63 	.globl _ScrollInitCollisionGroup
                                     64 	.globl _ScrollInitCollisionGroupVector
                                     65 	.globl _ScrollRemoveCollisionGroupVector
                                     66 	.globl _ScrollInitCollisions
                                     67 	.globl _ScrollScreenRedraw
                                     68 	.globl _InitScroll
                                     69 	.globl _ScrollUpdateRow
                                     70 	.globl _ScrollUpdateColumn
                                     71 	.globl _RefreshScroll
                                     72 	.globl _MoveScroll
                                     73 	.globl _GetScrollTile
                                     74 	.globl _GetMapSize
                                     75 ;--------------------------------------------------------
                                     76 ; special function registers
                                     77 ;--------------------------------------------------------
                         00000000    78 _GG_STATE	=	0x0000
                         00000001    79 _GG_EXT_7BIT	=	0x0001
                         00000002    80 _GG_EXT_CTL	=	0x0002
                         00000003    81 _GG_SIO_SEND	=	0x0003
                         00000004    82 _GG_SIO_RECV	=	0x0004
                         00000005    83 _GG_SIO_CTL	=	0x0005
                         00000006    84 _GG_SOUND_PAN	=	0x0006
                         0000003E    85 _MEMORY_CTL	=	0x003e
                         0000003F    86 _JOY_CTL	=	0x003f
                         0000007E    87 _VCOUNTER	=	0x007e
                         0000007F    88 _PSG	=	0x007f
                         0000007F    89 _HCOUNTER	=	0x007f
                         000000BE    90 _VDP_DATA	=	0x00be
                         000000BF    91 _VDP_CMD	=	0x00bf
                         000000BF    92 _VDP_STATUS	=	0x00bf
                         000000DC    93 _JOY_PORT1	=	0x00dc
                         000000DD    94 _JOY_PORT2	=	0x00dd
                         000000F0    95 _FMADDRESS	=	0x00f0
                         000000F1    96 _FMDATA	=	0x00f1
                         000000F2    97 _AUDIOCTRL	=	0x00f2
                                     98 ;--------------------------------------------------------
                                     99 ; ram data
                                    100 ;--------------------------------------------------------
                                    101 	.area _DATA
                         0000FFFC   102 _RAM_CONTROL	=	0xfffc
                         0000FFF8   103 _GLASSES_3D	=	0xfff8
                         0000FFFD   104 _MAP_FRAME0	=	0xfffd
                         0000FFFE   105 _MAP_FRAME1	=	0xfffe
                         0000FFFF   106 _MAP_FRAME2	=	0xffff
    00000000                        107 _scroll_w::
    00000000                        108 	.ds 2
    00000002                        109 _scroll_h::
    00000002                        110 	.ds 2
    00000004                        111 _scroll_tiles_w::
    00000004                        112 	.ds 2
    00000006                        113 _scroll_tiles_h::
    00000006                        114 	.ds 2
    00000008                        115 _scroll_collisions::
    00000008                        116 	.ds 256
    00000108                        117 _scroll_tile_info::
    00000108                        118 	.ds 256
    00000208                        119 _scroll_bank::
    00000208                        120 	.ds 1
    00000209                        121 _pending_h_x::
    00000209                        122 	.ds 2
    0000020B                        123 _pending_h_y::
    0000020B                        124 	.ds 2
    0000020D                        125 _pending_h_i::
    0000020D                        126 	.ds 1
    0000020E                        127 _pending_w_x::
    0000020E                        128 	.ds 2
    00000210                        129 _pending_w_y::
    00000210                        130 	.ds 2
    00000212                        131 _pending_w_i::
    00000212                        132 	.ds 1
    00000213                        133 _hud_map_offset::
    00000213                        134 	.ds 2
    00000215                        135 _tiles_bank_0::
    00000215                        136 	.ds 1
    00000216                        137 _tiles_0::
    00000216                        138 	.ds 2
    00000218                        139 _scroll_ptr::
    00000218                        140 	.ds 2
    0000021A                        141 _scroll_cptr::
    0000021A                        142 	.ds 2
    0000021C                        143 _ScrollUpdateRow___save_10001_315:
    0000021C                        144 	.ds 1
    0000021D                        145 _ScrollUpdateColumn___save_10001_330:
    0000021D                        146 	.ds 1
    0000021E                        147 _MoveScroll_current_column_10000_341:
    0000021E                        148 	.ds 2
    00000220                        149 _MoveScroll_new_column_10000_341:
    00000220                        150 	.ds 2
    00000222                        151 _MoveScroll_current_row_10000_341:
    00000222                        152 	.ds 2
    00000224                        153 _MoveScroll_new_row_10000_341:
    00000224                        154 	.ds 2
    00000226                        155 _MoveScroll___save_10000_341:
    00000226                        156 	.ds 1
                                    157 ;--------------------------------------------------------
                                    158 ; ram data
                                    159 ;--------------------------------------------------------
                                    160 	.area _INITIALIZED
    00000000                        161 _scroll_top_movement_limit::
    00000000                        162 	.ds 1
    00000001                        163 _scroll_bottom_movement_limit::
    00000001                        164 	.ds 1
    00000002                        165 _scroll_map::
    00000002                        166 	.ds 2
    00000004                        167 _scroll_cmap::
    00000004                        168 	.ds 2
    00000006                        169 _scroll_x::
    00000006                        170 	.ds 2
    00000008                        171 _scroll_y::
    00000008                        172 	.ds 2
    0000000A                        173 _scroll_x_vblank::
    0000000A                        174 	.ds 2
    0000000C                        175 _scroll_y_vblank::
    0000000C                        176 	.ds 2
    0000000E                        177 _scroll_target::
    0000000E                        178 	.ds 2
    00000010                        179 _scroll_offset_x::
    00000010                        180 	.ds 1
    00000011                        181 _scroll_offset_y::
    00000011                        182 	.ds 1
    00000012                        183 _scroll_h_border::
    00000012                        184 	.ds 2
    00000014                        185 _clamp_enabled::
    00000014                        186 	.ds 1
    00000015                        187 _pending_h_map::
    00000015                        188 	.ds 2
    00000017                        189 _pending_w_map::
    00000017                        190 	.ds 2
    00000019                        191 _pending_h_cmap::
    00000019                        192 	.ds 2
    0000001B                        193 _pending_w_cmap::
    0000001B                        194 	.ds 2
    0000001D                        195 _last_tile_loaded::
    0000001D                        196 	.ds 1
                                    197 ;--------------------------------------------------------
                                    198 ; absolute external ram data
                                    199 ;--------------------------------------------------------
                                    200 	.area _DABS (ABS)
                                    201 ;--------------------------------------------------------
                                    202 ; global & static initialisations
                                    203 ;--------------------------------------------------------
                                    204 	.area _HOME
                                    205 	.area _GSINIT
                                    206 	.area _GSFINAL
                                    207 	.area _GSINIT
                                    208 ;--------------------------------------------------------
                                    209 ; Home
                                    210 ;--------------------------------------------------------
                                    211 	.area _HOME
                                    212 	.area _HOME
                                    213 ;--------------------------------------------------------
                                    214 ; code
                                    215 ;--------------------------------------------------------
                                    216 	.area _CODE
                                    217 ;C:/Users/franc/Documents/Projets/Perso/GameBoyProjects/CrossZGB/common/src/Scroll.c:65: UINT16 ScrollSetTiles(UINT8 first_tile, UINT8 tiles_bank, const struct TilesInfo* tiles) {
                                    218 ;	---------------------------------
                                    219 ; Function ScrollSetTiles
                                    220 ; ---------------------------------
    00000000                        221 _ScrollSetTiles::
    00000000 DD E5            [15]  222 	push	ix
    00000002 DD 21 00 00      [14]  223 	ld	ix,#0
    00000006 DD 39            [15]  224 	add	ix,sp
    00000008 FD 21 F7 FF      [14]  225 	ld	iy, #-9
    0000000C FD 39            [15]  226 	add	iy, sp
    0000000E FD F9            [10]  227 	ld	sp, iy
    00000010 DD 77 FF         [19]  228 	ld	-1 (ix), a
    00000013 DD 75 FE         [19]  229 	ld	-2 (ix), l
                                    230 ;C:/Users/franc/Documents/Projets/Perso/GameBoyProjects/CrossZGB/common/src/Scroll.c:70: UINT16 offset = first_tile;
    00000016 DD 7E FF         [19]  231 	ld	a, -1 (ix)
    00000019 DD 77 F7         [19]  232 	ld	-9 (ix), a
    0000001C DD 36 F8 00      [19]  233 	ld	-8 (ix), #0x00
                                    234 ;C:/Users/franc/Documents/Projets/Perso/GameBoyProjects/CrossZGB/common/src/Scroll.c:72: if(first_tile == 0) {
    00000020 DD 7E FF         [19]  235 	ld	a, -1 (ix)
    00000023 B7               [ 4]  236 	or	a, a
    00000024 20 0F            [12]  237 	jr	NZ, 00102$
                                    238 ;C:/Users/franc/Documents/Projets/Perso/GameBoyProjects/CrossZGB/common/src/Scroll.c:73: tiles_bank_0 = tiles_bank;
    00000026 DD 7E FE         [19]  239 	ld	a, -2 (ix)
    00000029 32r15r02         [13]  240 	ld	(_tiles_bank_0+0), a
                                    241 ;C:/Users/franc/Documents/Projets/Perso/GameBoyProjects/CrossZGB/common/src/Scroll.c:74: tiles_0 = tiles;
    0000002C DD 6E 04         [19]  242 	ld	l, 4 (ix)
    0000002F DD 66 05         [19]  243 	ld	h, 5 (ix)
    00000032 22r16r02         [16]  244 	ld	(_tiles_0), hl
    00000035                        245 00102$:
                                    246 ;C:/Users/franc/Documents/Projets/Perso/GameBoyProjects/CrossZGB/common/src/Scroll.c:77: UINT8 __save = CURRENT_BANK;
    00000035 3A FE FF         [13]  247 	ld	a, (_MAP_FRAME1+0)
    00000038 DD 77 F9         [19]  248 	ld	-7 (ix), a
                                    249 ;C:/Users/franc/Documents/Projets/Perso/GameBoyProjects/CrossZGB/common/src/Scroll.c:78: SWITCH_ROM(tiles_bank);
    0000003B DD 7E FE         [19]  250 	ld	a, -2 (ix)
    0000003E 32 FE FF         [13]  251 	ld	(_MAP_FRAME1+0), a
                                    252 ;C:/Users/franc/Documents/Projets/Perso/GameBoyProjects/CrossZGB/common/src/Scroll.c:79: n_tiles = tiles->num_frames;
    00000041 DD 4E 04         [19]  253 	ld	c, 4 (ix)
    00000044 DD 46 05         [19]  254 	ld	b, 5 (ix)
    00000047 0A               [ 7]  255 	ld	a, (bc)
    00000048 DD 77 FD         [19]  256 	ld	-3 (ix), a
                                    257 ;C:/Users/franc/Documents/Projets/Perso/GameBoyProjects/CrossZGB/common/src/Scroll.c:80: palette_entries = tiles->color_data;
    0000004B C5               [11]  258 	push	bc
    0000004C FD E1            [14]  259 	pop	iy
    0000004E FD 7E 06         [19]  260 	ld	a, 6 (iy)
    00000051 DD 77 FA         [19]  261 	ld	-6 (ix), a
    00000054 FD 7E 07         [19]  262 	ld	a, 7 (iy)
    00000057 DD 77 FB         [19]  263 	ld	-5 (ix), a
                                    264 ;C:/Users/franc/Documents/Projets/Perso/GameBoyProjects/CrossZGB/common/src/Scroll.c:83: set_bkg_native_data(first_tile, n_tiles, tiles->data);
    0000005A 69               [ 4]  265 	ld	l, c
    0000005B 60               [ 4]  266 	ld	h, b
    0000005C 23               [ 6]  267 	inc	hl
    0000005D 5E               [ 7]  268 	ld	e, (hl)
    0000005E 23               [ 6]  269 	inc	hl
    0000005F 56               [ 7]  270 	ld	d, (hl)
    00000060 D5               [11]  271 	push	de
    00000061 FD E1            [14]  272 	pop	iy
    00000063 DD 5E FD         [19]  273 	ld	e, -3 (ix)
    00000066 16 00            [ 7]  274 	ld	d, #0x00
    00000068 DD 6E FF         [19]  275 	ld	l, -1 (ix)
    0000006B 26 00            [ 7]  276 	ld	h, #0x00
    0000006D C5               [11]  277 	push	bc
    0000006E FD E5            [15]  278 	push	iy
    00000070 CDr00r00         [17]  279 	call	_set_bkg_native_data
    00000073 C1               [10]  280 	pop	bc
                                    281 ;C:/Users/franc/Documents/Projets/Perso/GameBoyProjects/CrossZGB/common/src/Scroll.c:88: last_tile_loaded = first_tile + n_tiles;
    00000074 DD 7E FF         [19]  282 	ld	a, -1 (ix)
    00000077 DD 86 FD         [19]  283 	add	a, -3 (ix)
    0000007A 32r1Dr00         [13]  284 	ld	(_last_tile_loaded+0), a
                                    285 ;C:/Users/franc/Documents/Projets/Perso/GameBoyProjects/CrossZGB/common/src/Scroll.c:89: for(i = first_tile; i != last_tile_loaded; ++i) {
    0000007D DD 5E FF         [19]  286 	ld	e, -1 (ix)
    00000080                        287 00105$:
    00000080 3Ar1Dr00         [13]  288 	ld	a, (_last_tile_loaded+0)
    00000083 93               [ 4]  289 	sub	a, e
    00000084 28 38            [12]  290 	jr	Z, 00103$
                                    291 ;C:/Users/franc/Documents/Projets/Perso/GameBoyProjects/CrossZGB/common/src/Scroll.c:90: scroll_tile_info[i] = palette_entries ? palette_entries[i - first_tile] : 0;
    00000086 3Er08            [ 7]  292 	ld	a, #<(_scroll_tile_info)
    00000088 83               [ 4]  293 	add	a, e
    00000089 DD 77 FC         [19]  294 	ld	-4 (ix), a
    0000008C 3Es01            [ 7]  295 	ld	a, #>(_scroll_tile_info)
    0000008E CE 00            [ 7]  296 	adc	a, #0x00
    00000090 DD 77 FD         [19]  297 	ld	-3 (ix), a
    00000093 DD 7E FB         [19]  298 	ld	a, -5 (ix)
    00000096 DD B6 FA         [19]  299 	or	a, -6 (ix)
    00000099 28 18            [12]  300 	jr	Z, 00109$
    0000009B 7B               [ 4]  301 	ld	a, e
    0000009C DD 6E FF         [19]  302 	ld	l, -1 (ix)
    0000009F 26 00            [ 7]  303 	ld	h, #0x00
    000000A1 95               [ 4]  304 	sub	a, l
    000000A2 6F               [ 4]  305 	ld	l, a
    000000A3 9F               [ 4]  306 	sbc	a, a
    000000A4 94               [ 4]  307 	sub	a, h
    000000A5 57               [ 4]  308 	ld	d, a
    000000A6 7D               [ 4]  309 	ld	a, l
    000000A7 DD 86 FA         [19]  310 	add	a, -6 (ix)
    000000AA 6F               [ 4]  311 	ld	l, a
    000000AB 7A               [ 4]  312 	ld	a, d
    000000AC DD 8E FB         [19]  313 	adc	a, -5 (ix)
    000000AF 67               [ 4]  314 	ld	h, a
    000000B0 7E               [ 7]  315 	ld	a, (hl)
    000000B1 18 01            [12]  316 	jr	00110$
    000000B3                        317 00109$:
    000000B3 AF               [ 4]  318 	xor	a, a
    000000B4                        319 00110$:
    000000B4 DD 6E FC         [19]  320 	ld	l, -4 (ix)
    000000B7 DD 66 FD         [19]  321 	ld	h, -3 (ix)
    000000BA 77               [ 7]  322 	ld	(hl), a
                                    323 ;C:/Users/franc/Documents/Projets/Perso/GameBoyProjects/CrossZGB/common/src/Scroll.c:89: for(i = first_tile; i != last_tile_loaded; ++i) {
    000000BB 1C               [ 4]  324 	inc	e
    000000BC 18 C2            [12]  325 	jr	00105$
    000000BE                        326 00103$:
                                    327 ;C:/Users/franc/Documents/Projets/Perso/GameBoyProjects/CrossZGB/common/src/Scroll.c:105: last_bg_pal_loaded += SetPalette(BG_PALETTE, last_bg_pal_loaded, tiles->num_pals, tiles->pals, tiles_bank);
    000000BE 59               [ 4]  328 	ld	e, c
    000000BF 50               [ 4]  329 	ld	d, b
    000000C0 21 04 00         [10]  330 	ld	hl, #4
    000000C3 19               [11]  331 	add	hl, de
    000000C4 5E               [ 7]  332 	ld	e, (hl)
    000000C5 23               [ 6]  333 	inc	hl
    000000C6 56               [ 7]  334 	ld	d, (hl)
    000000C7 21 03 00         [10]  335 	ld	hl, #3
    000000CA 09               [11]  336 	add	hl, bc
    000000CB 7E               [ 7]  337 	ld	a, (hl)
    000000CC DD 66 FE         [19]  338 	ld	h, -2 (ix)
    000000CF E5               [11]  339 	push	hl
    000000D0 33               [ 6]  340 	inc	sp
    000000D1 D5               [11]  341 	push	de
    000000D2 F5               [11]  342 	push	af
    000000D3 33               [ 6]  343 	inc	sp
    000000D4 3Ar00r00         [13]  344 	ld	a, (_last_bg_pal_loaded)
    000000D7 6F               [ 4]  345 	ld	l, a
    000000D8 AF               [ 4]  346 	xor	a, a
    000000D9 CDr00r00         [17]  347 	call	_SetPalette
    000000DC 4F               [ 4]  348 	ld	c, a
    000000DD 3Ar00r00         [13]  349 	ld	a, (_last_bg_pal_loaded)
    000000E0 81               [ 4]  350 	add	a, c
    000000E1 32r00r00         [13]  351 	ld	(_last_bg_pal_loaded+0), a
                                    352 ;C:/Users/franc/Documents/Projets/Perso/GameBoyProjects/CrossZGB/common/src/Scroll.c:110: SWITCH_ROM(__save);
    000000E4 DD 7E F9         [19]  353 	ld	a, -7 (ix)
    000000E7 32 FE FF         [13]  354 	ld	(_MAP_FRAME1+0), a
                                    355 ;C:/Users/franc/Documents/Projets/Perso/GameBoyProjects/CrossZGB/common/src/Scroll.c:112: return offset;
    000000EA D1               [10]  356 	pop	de
    000000EB D5               [11]  357 	push	de
                                    358 ;C:/Users/franc/Documents/Projets/Perso/GameBoyProjects/CrossZGB/common/src/Scroll.c:113: }
    000000EC DD F9            [10]  359 	ld	sp, ix
    000000EE DD E1            [14]  360 	pop	ix
    000000F0 E1               [10]  361 	pop	hl
    000000F1 F1               [10]  362 	pop	af
    000000F2 E9               [ 4]  363 	jp	(hl)
                                    364 ;C:/Users/franc/Documents/Projets/Perso/GameBoyProjects/CrossZGB/common/src/Scroll.c:115: void UpdateMapTile(UINT8 bg_or_win, UINT8 x, UINT8 y, UINT16 map_offset, UINT8 data, UINT8* attr) {
                                    365 ;	---------------------------------
                                    366 ; Function UpdateMapTile
                                    367 ; ---------------------------------
    000000F3                        368 _UpdateMapTile::
    000000F3 DD E5            [15]  369 	push	ix
    000000F5 DD 21 00 00      [14]  370 	ld	ix,#0
    000000F9 DD 39            [15]  371 	add	ix,sp
    000000FB 3B               [ 6]  372 	dec	sp
                                    373 ;C:/Users/franc/Documents/Projets/Perso/GameBoyProjects/CrossZGB/common/src/Scroll.c:119: if (bg_or_win != TARGET_BKG) return;
    000000FC B7               [ 4]  374 	or	a, a
    000000FD 20 4D            [12]  375 	jr	NZ, 00104$
                                    376 ;C:/Users/franc/Documents/Projets/Perso/GameBoyProjects/CrossZGB/common/src/Scroll.c:120: UINT8 * addr = get_bkg_xy_addr(x, y);
    000000FF DD 7E 04         [19]  377 	ld	a, 4 (ix)
    00000102 F5               [11]  378 	push	af
    00000103 7D               [ 4]  379 	ld	a, l
    00000104 33               [ 6]  380 	inc	sp
    00000105 F5               [11]  381 	push	af
    00000106 33               [ 6]  382 	inc	sp
    00000107 CDr00r00         [17]  383 	call	_get_bkg_xy_addr
    0000010A 4D               [ 4]  384 	ld	c, l
    0000010B 44               [ 4]  385 	ld	b, h
                                    386 ;C:/Users/franc/Documents/Projets/Perso/GameBoyProjects/CrossZGB/common/src/Scroll.c:122: ScrollSetAttrTileAddr(addr, (UINT8)map_offset + data, (attr) ? *attr : (UINT8)(map_offset >> 8) + scroll_tile_info[(UINT8)map_offset + data]);
    0000010C DD 56 05         [19]  387 	ld	d, 5 (ix)
    0000010F DD 7E 09         [19]  388 	ld	a, 9 (ix)
    00000112 DD B6 08         [19]  389 	or	a, 8 (ix)
    00000115 28 09            [12]  390 	jr	Z, 00106$
    00000117 DD 6E 08         [19]  391 	ld	l, 8 (ix)
    0000011A DD 66 09         [19]  392 	ld	h, 9 (ix)
    0000011D 5E               [ 7]  393 	ld	e, (hl)
    0000011E 18 20            [12]  394 	jr	00107$
    00000120                        395 00106$:
    00000120 DD 7E 06         [19]  396 	ld	a, 6 (ix)
    00000123 DD 77 FF         [19]  397 	ld	-1 (ix), a
    00000126 7A               [ 4]  398 	ld	a, d
    00000127 1E 00            [ 7]  399 	ld	e, #0x00
    00000129 DD 6E 07         [19]  400 	ld	l, 7 (ix)
    0000012C 26 00            [ 7]  401 	ld	h, #0x00
    0000012E 85               [ 4]  402 	add	a, l
    0000012F 6F               [ 4]  403 	ld	l, a
    00000130 7B               [ 4]  404 	ld	a, e
    00000131 8C               [ 4]  405 	adc	a, h
    00000132 67               [ 4]  406 	ld	h, a
    00000133 3Er08            [ 7]  407 	ld	a, #<(_scroll_tile_info)
    00000135 85               [ 4]  408 	add	a, l
    00000136 6F               [ 4]  409 	ld	l, a
    00000137 3Es01            [ 7]  410 	ld	a, #>(_scroll_tile_info)
    00000139 8C               [ 4]  411 	adc	a, h
    0000013A 67               [ 4]  412 	ld	h, a
    0000013B 7E               [ 7]  413 	ld	a, (hl)
    0000013C DD 86 FF         [19]  414 	add	a, -1 (ix)
    0000013F 5F               [ 4]  415 	ld	e, a
    00000140                        416 00107$:
    00000140 7A               [ 4]  417 	ld	a, d
    00000141 DD 86 07         [19]  418 	add	a, 7 (ix)
    00000144 6F               [ 4]  419 	ld	l, a
                                    420 ;C:/Users/franc/Documents/Projets/Perso/GameBoyProjects/CrossZGB/common/include/Scroll.h:174: set_vram_word(addr, (UINT16)(c << 8) | t);
    00000145 53               [ 4]  421 	ld	d, e
    00000146 5D               [ 4]  422 	ld	e, l
    00000147 69               [ 4]  423 	ld	l, c
    00000148 60               [ 4]  424 	ld	h, b
    00000149 CDr00r00         [17]  425 	call	_set_vram_word
                                    426 ;C:/Users/franc/Documents/Projets/Perso/GameBoyProjects/CrossZGB/common/src/Scroll.c:122: ScrollSetAttrTileAddr(addr, (UINT8)map_offset + data, (attr) ? *attr : (UINT8)(map_offset >> 8) + scroll_tile_info[(UINT8)map_offset + data]);
    0000014C                        427 00104$:
                                    428 ;C:/Users/franc/Documents/Projets/Perso/GameBoyProjects/CrossZGB/common/src/Scroll.c:123: }
    0000014C 33               [ 6]  429 	inc	sp
    0000014D DD E1            [14]  430 	pop	ix
    0000014F E1               [10]  431 	pop	hl
    00000150 F1               [10]  432 	pop	af
    00000151 F1               [10]  433 	pop	af
    00000152 F1               [10]  434 	pop	af
    00000153 E9               [ 4]  435 	jp	(hl)
                                    436 ;C:/Users/franc/Documents/Projets/Perso/GameBoyProjects/CrossZGB/common/src/Scroll.c:125: UINT16 LoadMap(UINT8 bg_or_win, UINT8 x, UINT8 y, UINT8 map_bank, struct MapInfo* map) {
                                    437 ;	---------------------------------
                                    438 ; Function LoadMap
                                    439 ; ---------------------------------
    00000154                        440 _LoadMap::
    00000154 DD E5            [15]  441 	push	ix
    00000156 DD 21 00 00      [14]  442 	ld	ix,#0
    0000015A DD 39            [15]  443 	add	ix,sp
    0000015C FD 21 ED FF      [14]  444 	ld	iy, #-19
    00000160 FD 39            [15]  445 	add	iy, sp
    00000162 FD F9            [10]  446 	ld	sp, iy
    00000164 DD 77 F9         [19]  447 	ld	-7 (ix), a
    00000167 DD 75 F8         [19]  448 	ld	-8 (ix), l
                                    449 ;C:/Users/franc/Documents/Projets/Perso/GameBoyProjects/CrossZGB/common/src/Scroll.c:127: if (bg_or_win != TARGET_BKG) return 0;
    0000016A DD 7E F9         [19]  450 	ld	a, -7 (ix)
    0000016D B7               [ 4]  451 	or	a, a
    0000016E 28 06            [12]  452 	jr	Z, 00102$
    00000170 11 00 00         [10]  453 	ld	de, #0x0000
    00000173 C3r6Ar03         [10]  454 	jp	00121$
    00000176                        455 00102$:
                                    456 ;C:/Users/franc/Documents/Projets/Perso/GameBoyProjects/CrossZGB/common/src/Scroll.c:130: UINT8 __save = CURRENT_BANK;
    00000176 3A FE FF         [13]  457 	ld	a, (_MAP_FRAME1+0)
    00000179 DD 77 EF         [19]  458 	ld	-17 (ix), a
                                    459 ;C:/Users/franc/Documents/Projets/Perso/GameBoyProjects/CrossZGB/common/src/Scroll.c:131: SWITCH_ROM(map_bank);
    0000017C DD 7E 05         [19]  460 	ld	a, 5 (ix)
    0000017F 32 FE FF         [13]  461 	ld	(_MAP_FRAME1+0), a
                                    462 ;C:/Users/franc/Documents/Projets/Perso/GameBoyProjects/CrossZGB/common/src/Scroll.c:135: UINT8 load_tiles = (tiles_bank_0 != map->tiles_bank) || (tiles_0 != map->tiles); // If the tile set is the same as the one used for the scroll or the bg (which is stored in tiles_bank_0 and tiles0) then do not load the tiles again
    00000182 DD 7E 06         [19]  463 	ld	a, 6 (ix)
    00000185 DD 77 FE         [19]  464 	ld	-2 (ix), a
    00000188 DD 7E 07         [19]  465 	ld	a, 7 (ix)
    0000018B DD 77 FF         [19]  466 	ld	-1 (ix), a
    0000018E DD 7E FE         [19]  467 	ld	a, -2 (ix)
    00000191 C6 08            [ 7]  468 	add	a, #0x08
    00000193 DD 77 FA         [19]  469 	ld	-6 (ix), a
    00000196 DD 7E FF         [19]  470 	ld	a, -1 (ix)
    00000199 CE 00            [ 7]  471 	adc	a, #0x00
    0000019B DD 77 FB         [19]  472 	ld	-5 (ix), a
    0000019E DD 6E FA         [19]  473 	ld	l, -6 (ix)
    000001A1 DD 66 FB         [19]  474 	ld	h, -5 (ix)
    000001A4 7E               [ 7]  475 	ld	a, (hl)
    000001A5 DD 77 F5         [19]  476 	ld	-11 (ix), a
    000001A8 DD 7E FE         [19]  477 	ld	a, -2 (ix)
    000001AB C6 09            [ 7]  478 	add	a, #0x09
    000001AD DD 77 FC         [19]  479 	ld	-4 (ix), a
    000001B0 DD 7E FF         [19]  480 	ld	a, -1 (ix)
    000001B3 CE 00            [ 7]  481 	adc	a, #0x00
    000001B5 DD 77 FD         [19]  482 	ld	-3 (ix), a
    000001B8 3Ar15r02         [13]  483 	ld	a, (_tiles_bank_0+0)
    000001BB DD 96 F5         [19]  484 	sub	a, -11 (ix)
    000001BE 20 14            [12]  485 	jr	NZ, 00124$
    000001C0 DD 6E FC         [19]  486 	ld	l, -4 (ix)
    000001C3 DD 66 FD         [19]  487 	ld	h, -3 (ix)
    000001C6 4E               [ 7]  488 	ld	c, (hl)
    000001C7 23               [ 6]  489 	inc	hl
    000001C8 46               [ 7]  490 	ld	b, (hl)
    000001C9 2Ar16r02         [16]  491 	ld	hl, (_tiles_0)
    000001CC BF               [ 4]  492 	cp	a, a
    000001CD ED 42            [15]  493 	sbc	hl, bc
    000001CF 20 03            [12]  494 	jr	NZ, 00124$
    000001D1 AF               [ 4]  495 	xor	a, a
    000001D2 18 02            [12]  496 	jr	00125$
    000001D4                        497 00124$:
    000001D4 3E 01            [ 7]  498 	ld	a, #0x01
    000001D6                        499 00125$:
                                    500 ;C:/Users/franc/Documents/Projets/Perso/GameBoyProjects/CrossZGB/common/src/Scroll.c:136: if (load_tiles) {
    000001D6 DD 77 F7         [19]  501 	ld	-9 (ix), a
    000001D9 B7               [ 4]  502 	or	a, a
    000001DA CAr63r02         [10]  503 	jp	Z, 00109$
                                    504 ;C:/Users/franc/Documents/Projets/Perso/GameBoyProjects/CrossZGB/common/src/Scroll.c:137: if (map->extra_tiles) {
    000001DD DD 7E FE         [19]  505 	ld	a, -2 (ix)
    000001E0 DD 77 F6         [19]  506 	ld	-10 (ix), a
    000001E3 DD 7E FF         [19]  507 	ld	a, -1 (ix)
    000001E6 DD 77 F7         [19]  508 	ld	-9 (ix), a
    000001E9 DD 6E F6         [19]  509 	ld	l, -10 (ix)
    000001EC DD 66 F7         [19]  510 	ld	h, -9 (ix)
    000001EF 11 0C 00         [10]  511 	ld	de, #0x000c
    000001F2 19               [11]  512 	add	hl, de
    000001F3 7E               [ 7]  513 	ld	a, (hl)
    000001F4 DD 77 F6         [19]  514 	ld	-10 (ix), a
    000001F7 23               [ 6]  515 	inc	hl
    000001F8 7E               [ 7]  516 	ld	a, (hl)
    000001F9 DD 77 F7         [19]  517 	ld	-9 (ix), a
    000001FC DD B6 F6         [19]  518 	or	a, -10 (ix)
    000001FF 28 47            [12]  519 	jr	Z, 00106$
                                    520 ;C:/Users/franc/Documents/Projets/Perso/GameBoyProjects/CrossZGB/common/src/Scroll.c:138: map_offset = ScrollSetTiles(last_tile_loaded, map->extra_tiles_bank, map->extra_tiles);
    00000201 DD 7E FE         [19]  521 	ld	a, -2 (ix)
    00000204 DD 77 F4         [19]  522 	ld	-12 (ix), a
    00000207 DD 7E FF         [19]  523 	ld	a, -1 (ix)
    0000020A DD 77 F5         [19]  524 	ld	-11 (ix), a
    0000020D DD 6E F4         [19]  525 	ld	l, -12 (ix)
    00000210 DD 66 F5         [19]  526 	ld	h, -11 (ix)
    00000213 11 0B 00         [10]  527 	ld	de, #0x000b
    00000216 19               [11]  528 	add	hl, de
    00000217 6E               [ 7]  529 	ld	l, (hl)
    00000218 DD 5E F6         [19]  530 	ld	e, -10 (ix)
    0000021B DD 56 F7         [19]  531 	ld	d, -9 (ix)
    0000021E D5               [11]  532 	push	de
    0000021F 3Ar1Dr00         [13]  533 	ld	a, (_last_tile_loaded)
    00000222 CDr00r00         [17]  534 	call	_ScrollSetTiles
    00000225 DD 73 F0         [19]  535 	ld	-16 (ix), e
    00000228 DD 72 F1         [19]  536 	ld	-15 (ix), d
                                    537 ;C:/Users/franc/Documents/Projets/Perso/GameBoyProjects/CrossZGB/common/src/Scroll.c:139: if (map->tiles) ScrollSetTiles(last_tile_loaded, map->tiles_bank, map->tiles);
    0000022B DD 6E FC         [19]  538 	ld	l, -4 (ix)
    0000022E DD 66 FD         [19]  539 	ld	h, -3 (ix)
    00000231 4E               [ 7]  540 	ld	c, (hl)
    00000232 23               [ 6]  541 	inc	hl
    00000233 46               [ 7]  542 	ld	b, (hl)
    00000234 78               [ 4]  543 	ld	a, b
    00000235 B1               [ 4]  544 	or	a, c
    00000236 28 32            [12]  545 	jr	Z, 00110$
    00000238 DD 6E FA         [19]  546 	ld	l, -6 (ix)
    0000023B DD 66 FB         [19]  547 	ld	h, -5 (ix)
    0000023E 6E               [ 7]  548 	ld	l, (hl)
    0000023F C5               [11]  549 	push	bc
    00000240 3Ar1Dr00         [13]  550 	ld	a, (_last_tile_loaded)
    00000243 CDr00r00         [17]  551 	call	_ScrollSetTiles
    00000246 18 22            [12]  552 	jr	00110$
    00000248                        553 00106$:
                                    554 ;C:/Users/franc/Documents/Projets/Perso/GameBoyProjects/CrossZGB/common/src/Scroll.c:141: map_offset = ScrollSetTiles(last_tile_loaded, map->tiles_bank, map->tiles);
    00000248 DD 6E FC         [19]  555 	ld	l, -4 (ix)
    0000024B DD 66 FD         [19]  556 	ld	h, -3 (ix)
    0000024E 4E               [ 7]  557 	ld	c, (hl)
    0000024F 23               [ 6]  558 	inc	hl
    00000250 46               [ 7]  559 	ld	b, (hl)
    00000251 C5               [11]  560 	push	bc
    00000252 DD 6E F5         [19]  561 	ld	l, -11 (ix)
    00000255 3Ar1Dr00         [13]  562 	ld	a, (_last_tile_loaded)
    00000258 CDr00r00         [17]  563 	call	_ScrollSetTiles
    0000025B DD 73 F0         [19]  564 	ld	-16 (ix), e
    0000025E DD 72 F1         [19]  565 	ld	-15 (ix), d
    00000261 18 07            [12]  566 	jr	00110$
    00000263                        567 00109$:
                                    568 ;C:/Users/franc/Documents/Projets/Perso/GameBoyProjects/CrossZGB/common/src/Scroll.c:144: map_offset = 0;
    00000263 AF               [ 4]  569 	xor	a, a
    00000264 DD 77 F0         [19]  570 	ld	-16 (ix), a
    00000267 DD 77 F1         [19]  571 	ld	-15 (ix), a
    0000026A                        572 00110$:
                                    573 ;C:/Users/franc/Documents/Projets/Perso/GameBoyProjects/CrossZGB/common/src/Scroll.c:148: UINT8* data = map->data;
    0000026A DD 6E FE         [19]  574 	ld	l, -2 (ix)
    0000026D DD 66 FF         [19]  575 	ld	h, -1 (ix)
    00000270 7E               [ 7]  576 	ld	a, (hl)
    00000271 DD 77 ED         [19]  577 	ld	-19 (ix), a
    00000274 23               [ 6]  578 	inc	hl
    00000275 7E               [ 7]  579 	ld	a, (hl)
    00000276 DD 77 EE         [19]  580 	ld	-18 (ix), a
                                    581 ;C:/Users/franc/Documents/Projets/Perso/GameBoyProjects/CrossZGB/common/src/Scroll.c:149: UINT8* attrs = map->attributes;
    00000279 DD 4E FE         [19]  582 	ld	c, -2 (ix)
    0000027C DD 46 FF         [19]  583 	ld	b, -1 (ix)
    0000027F 21 06 00         [10]  584 	ld	hl, #6
    00000282 09               [11]  585 	add	hl, bc
    00000283 7E               [ 7]  586 	ld	a, (hl)
    00000284 DD 77 FB         [19]  587 	ld	-5 (ix), a
    00000287 23               [ 6]  588 	inc	hl
    00000288 7E               [ 7]  589 	ld	a, (hl)
    00000289 DD 77 FC         [19]  590 	ld	-4 (ix), a
                                    591 ;C:/Users/franc/Documents/Projets/Perso/GameBoyProjects/CrossZGB/common/src/Scroll.c:150: for (UINT8 j = 0; j < map->height; ++j) {
    0000028C DD 7E FE         [19]  592 	ld	a, -2 (ix)
    0000028F DD 77 F2         [19]  593 	ld	-14 (ix), a
    00000292 DD 7E FF         [19]  594 	ld	a, -1 (ix)
    00000295 DD 77 F3         [19]  595 	ld	-13 (ix), a
    00000298 DD 7E FE         [19]  596 	ld	a, -2 (ix)
    0000029B DD 77 F4         [19]  597 	ld	-12 (ix), a
    0000029E DD 7E FF         [19]  598 	ld	a, -1 (ix)
    000002A1 DD 77 F5         [19]  599 	ld	-11 (ix), a
    000002A4 DD 36 FA 00      [19]  600 	ld	-6 (ix), #0x00
    000002A8                        601 00119$:
    000002A8 DD 6E F4         [19]  602 	ld	l, -12 (ix)
    000002AB DD 66 F5         [19]  603 	ld	h, -11 (ix)
    000002AE 11 04 00         [10]  604 	ld	de, #0x0004
    000002B1 19               [11]  605 	add	hl, de
    000002B2 7E               [ 7]  606 	ld	a, (hl)
    000002B3 DD 77 F6         [19]  607 	ld	-10 (ix), a
    000002B6 23               [ 6]  608 	inc	hl
    000002B7 7E               [ 7]  609 	ld	a, (hl)
    000002B8 DD 77 F7         [19]  610 	ld	-9 (ix), a
    000002BB DD 7E FA         [19]  611 	ld	a, -6 (ix)
    000002BE DD 77 FE         [19]  612 	ld	-2 (ix), a
    000002C1 DD 36 FF 00      [19]  613 	ld	-1 (ix), #0x00
    000002C5 DD 7E FE         [19]  614 	ld	a, -2 (ix)
    000002C8 DD 96 F6         [19]  615 	sub	a, -10 (ix)
    000002CB 3E 00            [ 7]  616 	ld	a, #0x00
    000002CD DD 9E F7         [19]  617 	sbc	a, -9 (ix)
    000002D0 D2r5Er03         [10]  618 	jp	NC, 00114$
                                    619 ;C:/Users/franc/Documents/Projets/Perso/GameBoyProjects/CrossZGB/common/src/Scroll.c:151: for (UINT8 i = 0; i < map->width; ++i) {
    000002D3 DD 7E FA         [19]  620 	ld	a, -6 (ix)
    000002D6 DD 86 04         [19]  621 	add	a, 4 (ix)
    000002D9 DD 77 F6         [19]  622 	ld	-10 (ix), a
    000002DC DD 7E ED         [19]  623 	ld	a, -19 (ix)
    000002DF DD 77 FD         [19]  624 	ld	-3 (ix), a
    000002E2 DD 7E EE         [19]  625 	ld	a, -18 (ix)
    000002E5 DD 77 FE         [19]  626 	ld	-2 (ix), a
    000002E8 DD 36 FF 00      [19]  627 	ld	-1 (ix), #0x00
    000002EC                        628 00116$:
    000002EC DD 6E F2         [19]  629 	ld	l, -14 (ix)
    000002EF DD 66 F3         [19]  630 	ld	h, -13 (ix)
    000002F2 23               [ 6]  631 	inc	hl
    000002F3 23               [ 6]  632 	inc	hl
    000002F4 4E               [ 7]  633 	ld	c, (hl)
    000002F5 23               [ 6]  634 	inc	hl
    000002F6 46               [ 7]  635 	ld	b, (hl)
    000002F7 DD 6E FF         [19]  636 	ld	l, -1 (ix)
    000002FA AF               [ 4]  637 	xor	a, a
    000002FB 67               [ 4]  638 	ld	h, a
    000002FC ED 42            [15]  639 	sbc	hl, bc
    000002FE 30 4C            [12]  640 	jr	NC, 00137$
                                    641 ;C:/Users/franc/Documents/Projets/Perso/GameBoyProjects/CrossZGB/common/src/Scroll.c:152: UpdateMapTile(bg_or_win, x + i, y + j, map_offset, *data, attrs);
    00000300 DD 6E FD         [19]  642 	ld	l, -3 (ix)
    00000303 DD 66 FE         [19]  643 	ld	h, -2 (ix)
    00000306 7E               [ 7]  644 	ld	a, (hl)
    00000307 DD 77 F7         [19]  645 	ld	-9 (ix), a
    0000030A DD 7E FF         [19]  646 	ld	a, -1 (ix)
    0000030D DD 86 F8         [19]  647 	add	a, -8 (ix)
    00000310 DD 6E FB         [19]  648 	ld	l, -5 (ix)
    00000313 DD 66 FC         [19]  649 	ld	h, -4 (ix)
    00000316 E5               [11]  650 	push	hl
    00000317 DD 66 F7         [19]  651 	ld	h, -9 (ix)
    0000031A E5               [11]  652 	push	hl
    0000031B 33               [ 6]  653 	inc	sp
    0000031C DD 6E F0         [19]  654 	ld	l, -16 (ix)
    0000031F DD 66 F1         [19]  655 	ld	h, -15 (ix)
    00000322 E5               [11]  656 	push	hl
    00000323 DD 66 F6         [19]  657 	ld	h, -10 (ix)
    00000326 E5               [11]  658 	push	hl
    00000327 33               [ 6]  659 	inc	sp
    00000328 6F               [ 4]  660 	ld	l, a
    00000329 DD 7E F9         [19]  661 	ld	a, -7 (ix)
    0000032C CDrF3r00         [17]  662 	call	_UpdateMapTile
                                    663 ;C:/Users/franc/Documents/Projets/Perso/GameBoyProjects/CrossZGB/common/src/Scroll.c:154: ++data;
    0000032F DD 34 FD         [23]  664 	inc	-3 (ix)
    00000332 20 03            [12]  665 	jr	NZ, 00209$
    00000334 DD 34 FE         [23]  666 	inc	-2 (ix)
    00000337                        667 00209$:
                                    668 ;C:/Users/franc/Documents/Projets/Perso/GameBoyProjects/CrossZGB/common/src/Scroll.c:155: if (attrs)
    00000337 DD 7E FC         [19]  669 	ld	a, -4 (ix)
    0000033A DD B6 FB         [19]  670 	or	a, -5 (ix)
    0000033D 28 08            [12]  671 	jr	Z, 00117$
                                    672 ;C:/Users/franc/Documents/Projets/Perso/GameBoyProjects/CrossZGB/common/src/Scroll.c:156: ++attrs;
    0000033F DD 34 FB         [23]  673 	inc	-5 (ix)
    00000342 20 03            [12]  674 	jr	NZ, 00210$
    00000344 DD 34 FC         [23]  675 	inc	-4 (ix)
    00000347                        676 00210$:
    00000347                        677 00117$:
                                    678 ;C:/Users/franc/Documents/Projets/Perso/GameBoyProjects/CrossZGB/common/src/Scroll.c:151: for (UINT8 i = 0; i < map->width; ++i) {
    00000347 DD 34 FF         [23]  679 	inc	-1 (ix)
    0000034A 18 A0            [12]  680 	jr	00116$
    0000034C                        681 00137$:
    0000034C DD 7E FD         [19]  682 	ld	a, -3 (ix)
    0000034F DD 77 ED         [19]  683 	ld	-19 (ix), a
    00000352 DD 7E FE         [19]  684 	ld	a, -2 (ix)
    00000355 DD 77 EE         [19]  685 	ld	-18 (ix), a
                                    686 ;C:/Users/franc/Documents/Projets/Perso/GameBoyProjects/CrossZGB/common/src/Scroll.c:150: for (UINT8 j = 0; j < map->height; ++j) {
    00000358 DD 34 FA         [23]  687 	inc	-6 (ix)
    0000035B C3rA8r02         [10]  688 	jp	00119$
    0000035E                        689 00114$:
                                    690 ;C:/Users/franc/Documents/Projets/Perso/GameBoyProjects/CrossZGB/common/src/Scroll.c:160: SWITCH_ROM(__save);
    0000035E DD 7E EF         [19]  691 	ld	a, -17 (ix)
    00000361 32 FE FF         [13]  692 	ld	(_MAP_FRAME1+0), a
                                    693 ;C:/Users/franc/Documents/Projets/Perso/GameBoyProjects/CrossZGB/common/src/Scroll.c:163: return map_offset;
    00000364 DD 5E F0         [19]  694 	ld	e, -16 (ix)
    00000367 DD 56 F1         [19]  695 	ld	d, -15 (ix)
    0000036A                        696 00121$:
                                    697 ;C:/Users/franc/Documents/Projets/Perso/GameBoyProjects/CrossZGB/common/src/Scroll.c:164: }
    0000036A DD F9            [10]  698 	ld	sp, ix
    0000036C DD E1            [14]  699 	pop	ix
    0000036E E1               [10]  700 	pop	hl
    0000036F F1               [10]  701 	pop	af
    00000370 F1               [10]  702 	pop	af
    00000371 E9               [ 4]  703 	jp	(hl)
                                    704 ;C:/Users/franc/Documents/Projets/Perso/GameBoyProjects/CrossZGB/common/src/Scroll.c:168: void ScrollSetMap(UINT8 map_bank, const struct MapInfo* map) {
                                    705 ;	---------------------------------
                                    706 ; Function ScrollSetMap
                                    707 ; ---------------------------------
    00000372                        708 _ScrollSetMap::
    00000372 DD E5            [15]  709 	push	ix
    00000374 DD 21 00 00      [14]  710 	ld	ix,#0
    00000378 DD 39            [15]  711 	add	ix,sp
    0000037A 3B               [ 6]  712 	dec	sp
    0000037B 4F               [ 4]  713 	ld	c, a
                                    714 ;C:/Users/franc/Documents/Projets/Perso/GameBoyProjects/CrossZGB/common/src/Scroll.c:169: UINT8 __save = CURRENT_BANK;
    0000037C 3A FE FF         [13]  715 	ld	a, (_MAP_FRAME1+0)
    0000037F DD 77 FF         [19]  716 	ld	-1 (ix), a
                                    717 ;C:/Users/franc/Documents/Projets/Perso/GameBoyProjects/CrossZGB/common/src/Scroll.c:170: SWITCH_ROM(map_bank);
    00000382 21 FE FF         [10]  718 	ld	hl, #_MAP_FRAME1
    00000385 71               [ 7]  719 	ld	(hl), c
                                    720 ;C:/Users/franc/Documents/Projets/Perso/GameBoyProjects/CrossZGB/common/src/Scroll.c:171: scroll_tiles_w = map->width;
    00000386 6B               [ 4]  721 	ld	l, e
    00000387 62               [ 4]  722 	ld	h, d
    00000388 23               [ 6]  723 	inc	hl
    00000389 23               [ 6]  724 	inc	hl
    0000038A 7E               [ 7]  725 	ld	a, (hl)
    0000038B 23               [ 6]  726 	inc	hl
    0000038C 32r04r00         [13]  727 	ld	(_scroll_tiles_w+0), a
    0000038F 7E               [ 7]  728 	ld	a, (hl)
    00000390 32r05r00         [13]  729 	ld	(_scroll_tiles_w+1), a
                                    730 ;C:/Users/franc/Documents/Projets/Perso/GameBoyProjects/CrossZGB/common/src/Scroll.c:172: scroll_tiles_h = map->height;
    00000393 6B               [ 4]  731 	ld	l, e
    00000394 62               [ 4]  732 	ld	h, d
    00000395 23               [ 6]  733 	inc	hl
    00000396 23               [ 6]  734 	inc	hl
    00000397 23               [ 6]  735 	inc	hl
    00000398 23               [ 6]  736 	inc	hl
    00000399 7E               [ 7]  737 	ld	a, (hl)
    0000039A 23               [ 6]  738 	inc	hl
    0000039B 32r06r00         [13]  739 	ld	(_scroll_tiles_h+0), a
    0000039E 7E               [ 7]  740 	ld	a, (hl)
    0000039F 32r07r00         [13]  741 	ld	(_scroll_tiles_h+1), a
                                    742 ;C:/Users/franc/Documents/Projets/Perso/GameBoyProjects/CrossZGB/common/src/Scroll.c:173: scroll_map = map->data;
    000003A2 6B               [ 4]  743 	ld	l, e
    000003A3 62               [ 4]  744 	ld	h, d
    000003A4 7E               [ 7]  745 	ld	a, (hl)
    000003A5 23               [ 6]  746 	inc	hl
    000003A6 32r02r00         [13]  747 	ld	(_scroll_map+0), a
    000003A9 7E               [ 7]  748 	ld	a, (hl)
    000003AA 32r03r00         [13]  749 	ld	(_scroll_map+1), a
                                    750 ;C:/Users/franc/Documents/Projets/Perso/GameBoyProjects/CrossZGB/common/src/Scroll.c:174: scroll_cmap = map->attributes;
    000003AD 21 06 00         [10]  751 	ld	hl, #6
    000003B0 19               [11]  752 	add	hl, de
    000003B1 7E               [ 7]  753 	ld	a, (hl)
    000003B2 23               [ 6]  754 	inc	hl
    000003B3 32r04r00         [13]  755 	ld	(_scroll_cmap+0), a
    000003B6 7E               [ 7]  756 	ld	a, (hl)
    000003B7 32r05r00         [13]  757 	ld	(_scroll_cmap+1), a
                                    758 ;C:/Users/franc/Documents/Projets/Perso/GameBoyProjects/CrossZGB/common/src/Scroll.c:175: scroll_x = 0;
    000003BA 21 00 00         [10]  759 	ld	hl, #0x0000
    000003BD 22r06r00         [16]  760 	ld	(_scroll_x), hl
                                    761 ;C:/Users/franc/Documents/Projets/Perso/GameBoyProjects/CrossZGB/common/src/Scroll.c:176: scroll_y = 0;
    000003C0 22r08r00         [16]  762 	ld	(_scroll_y), hl
                                    763 ;C:/Users/franc/Documents/Projets/Perso/GameBoyProjects/CrossZGB/common/src/Scroll.c:177: scroll_w = TILE_TO_PX(scroll_tiles_w);
    000003C3 2Ar04r00         [16]  764 	ld	hl, (_scroll_tiles_w)
    000003C6 29               [11]  765 	add	hl, hl
    000003C7 29               [11]  766 	add	hl, hl
    000003C8 29               [11]  767 	add	hl, hl
    000003C9 22r00r00         [16]  768 	ld	(_scroll_w), hl
                                    769 ;C:/Users/franc/Documents/Projets/Perso/GameBoyProjects/CrossZGB/common/src/Scroll.c:178: scroll_h = TILE_TO_PX(scroll_tiles_h);
    000003CC 2Ar06r00         [16]  770 	ld	hl, (_scroll_tiles_h)
    000003CF 29               [11]  771 	add	hl, hl
    000003D0 29               [11]  772 	add	hl, hl
    000003D1 29               [11]  773 	add	hl, hl
    000003D2 22r02r00         [16]  774 	ld	(_scroll_h), hl
                                    775 ;C:/Users/franc/Documents/Projets/Perso/GameBoyProjects/CrossZGB/common/src/Scroll.c:179: scroll_bank = map_bank;
    000003D5 21r08r02         [10]  776 	ld	hl, #_scroll_bank
    000003D8 71               [ 7]  777 	ld	(hl), c
                                    778 ;C:/Users/franc/Documents/Projets/Perso/GameBoyProjects/CrossZGB/common/src/Scroll.c:180: if (scroll_target) {
    000003D9 3Ar0Fr00         [13]  779 	ld	a, (_scroll_target+1)
    000003DC 21r0Er00         [10]  780 	ld	hl, #_scroll_target
    000003DF B6               [ 7]  781 	or	a, (hl)
    000003E0 28 2D            [12]  782 	jr	Z, 00102$
                                    783 ;C:/Users/franc/Documents/Projets/Perso/GameBoyProjects/CrossZGB/common/src/Scroll.c:181: scroll_x = scroll_target->x - (SCREEN_WIDTH >> 1);
    000003E2 2Ar0Er00         [16]  784 	ld	hl, (_scroll_target)
    000003E5 4E               [ 7]  785 	ld	c, (hl)
    000003E6 23               [ 6]  786 	inc	hl
    000003E7 46               [ 7]  787 	ld	b, (hl)
    000003E8 21r06r00         [10]  788 	ld	hl, #_scroll_x
    000003EB 79               [ 4]  789 	ld	a, c
    000003EC C6 84            [ 7]  790 	add	a, #0x84
    000003EE 77               [ 7]  791 	ld	(hl), a
    000003EF 23               [ 6]  792 	inc	hl
    000003F0 78               [ 4]  793 	ld	a, b
    000003F1 CE FF            [ 7]  794 	adc	a, #0xff
    000003F3 77               [ 7]  795 	ld	(hl), a
                                    796 ;C:/Users/franc/Documents/Projets/Perso/GameBoyProjects/CrossZGB/common/src/Scroll.c:182: scroll_y = scroll_target->y - scroll_bottom_movement_limit; //Move the camera to its bottom limit
    000003F4 2Ar0Er00         [16]  797 	ld	hl, (_scroll_target)
    000003F7 23               [ 6]  798 	inc	hl
    000003F8 23               [ 6]  799 	inc	hl
    000003F9 4E               [ 7]  800 	ld	c, (hl)
    000003FA 23               [ 6]  801 	inc	hl
    000003FB 46               [ 7]  802 	ld	b, (hl)
    000003FC 3Ar01r00         [13]  803 	ld	a, (_scroll_bottom_movement_limit)
    000003FF 5F               [ 4]  804 	ld	e, a
    00000400 16 00            [ 7]  805 	ld	d, #0x00
    00000402 21r08r00         [10]  806 	ld	hl, #_scroll_y
    00000405 79               [ 4]  807 	ld	a, c
    00000406 93               [ 4]  808 	sub	a, e
    00000407 77               [ 7]  809 	ld	(hl), a
    00000408 23               [ 6]  810 	inc	hl
    00000409 78               [ 4]  811 	ld	a, b
    0000040A 9A               [ 4]  812 	sbc	a, d
    0000040B 77               [ 7]  813 	ld	(hl), a
                                    814 ;C:/Users/franc/Documents/Projets/Perso/GameBoyProjects/CrossZGB/common/src/Scroll.c:183: ClampScrollLimits();
    0000040C CDr00r00         [17]  815 	call	_ClampScrollLimits
    0000040F                        816 00102$:
                                    817 ;C:/Users/franc/Documents/Projets/Perso/GameBoyProjects/CrossZGB/common/src/Scroll.c:185: pending_h_i = 0;
                                    818 ;C:/Users/franc/Documents/Projets/Perso/GameBoyProjects/CrossZGB/common/src/Scroll.c:186: pending_w_i = 0;
    0000040F AF               [ 4]  819 	xor	a, a
    00000410 32r0Dr02         [13]  820 	ld	(_pending_h_i+0), a
    00000413 32r12r02         [13]  821 	ld	(_pending_w_i+0), a
                                    822 ;C:/Users/franc/Documents/Projets/Perso/GameBoyProjects/CrossZGB/common/src/Scroll.c:187: SWITCH_ROM(__save);
    00000416 DD 7E FF         [19]  823 	ld	a, -1 (ix)
    00000419 32 FE FF         [13]  824 	ld	(_MAP_FRAME1+0), a
                                    825 ;C:/Users/franc/Documents/Projets/Perso/GameBoyProjects/CrossZGB/common/src/Scroll.c:188: }
    0000041C 33               [ 6]  826 	inc	sp
    0000041D DD E1            [14]  827 	pop	ix
    0000041F C9               [10]  828 	ret
                                    829 ;C:/Users/franc/Documents/Projets/Perso/GameBoyProjects/CrossZGB/common/src/Scroll.c:190: void ScrollInitTilesFromMap(UINT8 first_tile, UINT8 map_bank, const struct MapInfo* map) {
                                    830 ;	---------------------------------
                                    831 ; Function ScrollInitTilesFromMap
                                    832 ; ---------------------------------
    00000420                        833 _ScrollInitTilesFromMap::
    00000420 DD E5            [15]  834 	push	ix
    00000422 DD 21 00 00      [14]  835 	ld	ix,#0
    00000426 DD 39            [15]  836 	add	ix,sp
    00000428 3B               [ 6]  837 	dec	sp
    00000429 32r1Dr00         [13]  838 	ld	(_last_tile_loaded+0), a
    0000042C 7D               [ 4]  839 	ld	a, l
                                    840 ;C:/Users/franc/Documents/Projets/Perso/GameBoyProjects/CrossZGB/common/src/Scroll.c:192: UINT8 __save = CURRENT_BANK;
    0000042D F5               [11]  841 	push	af
    0000042E 3A FE FF         [13]  842 	ld	a, (_MAP_FRAME1+0)
    00000431 DD 77 FF         [19]  843 	ld	-1 (ix), a
    00000434 F1               [10]  844 	pop	af
                                    845 ;C:/Users/franc/Documents/Projets/Perso/GameBoyProjects/CrossZGB/common/src/Scroll.c:193: SWITCH_ROM(map_bank);
    00000435 32 FE FF         [13]  846 	ld	(_MAP_FRAME1+0), a
                                    847 ;C:/Users/franc/Documents/Projets/Perso/GameBoyProjects/CrossZGB/common/src/Scroll.c:194: if (map->tiles) ScrollSetTiles(0, map->tiles_bank, map->tiles);
    00000438 DD 4E 04         [19]  848 	ld	c, 4 (ix)
    0000043B DD 46 05         [19]  849 	ld	b, 5 (ix)
    0000043E 59               [ 4]  850 	ld	e, c
    0000043F 50               [ 4]  851 	ld	d, b
    00000440 21 09 00         [10]  852 	ld	hl, #9
    00000443 19               [11]  853 	add	hl, de
    00000444 5E               [ 7]  854 	ld	e, (hl)
    00000445 23               [ 6]  855 	inc	hl
    00000446 56               [ 7]  856 	ld	d, (hl)
    00000447 7A               [ 4]  857 	ld	a, d
    00000448 B3               [ 4]  858 	or	a, e
    00000449 28 0E            [12]  859 	jr	Z, 00102$
    0000044B 69               [ 4]  860 	ld	l, c
    0000044C 60               [ 4]  861 	ld	h, b
    0000044D C5               [11]  862 	push	bc
    0000044E 01 08 00         [10]  863 	ld	bc, #0x0008
    00000451 09               [11]  864 	add	hl, bc
    00000452 6E               [ 7]  865 	ld	l, (hl)
    00000453 D5               [11]  866 	push	de
    00000454 AF               [ 4]  867 	xor	a, a
    00000455 CDr00r00         [17]  868 	call	_ScrollSetTiles
    00000458 C1               [10]  869 	pop	bc
    00000459                        870 00102$:
                                    871 ;C:/Users/franc/Documents/Projets/Perso/GameBoyProjects/CrossZGB/common/src/Scroll.c:195: if (map->extra_tiles) ScrollSetTiles(last_tile_loaded, map->extra_tiles_bank, map->extra_tiles);
    00000459 59               [ 4]  872 	ld	e, c
    0000045A 50               [ 4]  873 	ld	d, b
    0000045B 21 0C 00         [10]  874 	ld	hl, #12
    0000045E 19               [11]  875 	add	hl, de
    0000045F 5E               [ 7]  876 	ld	e, (hl)
    00000460 23               [ 6]  877 	inc	hl
    00000461 56               [ 7]  878 	ld	d, (hl)
    00000462 7A               [ 4]  879 	ld	a, d
    00000463 B3               [ 4]  880 	or	a, e
    00000464 28 0C            [12]  881 	jr	Z, 00104$
    00000466 21 0B 00         [10]  882 	ld	hl, #11
    00000469 09               [11]  883 	add	hl, bc
    0000046A 6E               [ 7]  884 	ld	l, (hl)
    0000046B D5               [11]  885 	push	de
    0000046C 3Ar1Dr00         [13]  886 	ld	a, (_last_tile_loaded)
    0000046F CDr00r00         [17]  887 	call	_ScrollSetTiles
    00000472                        888 00104$:
                                    889 ;C:/Users/franc/Documents/Projets/Perso/GameBoyProjects/CrossZGB/common/src/Scroll.c:196: SWITCH_ROM(__save);
    00000472 DD 7E FF         [19]  890 	ld	a, -1 (ix)
    00000475 32 FE FF         [13]  891 	ld	(_MAP_FRAME1+0), a
                                    892 ;C:/Users/franc/Documents/Projets/Perso/GameBoyProjects/CrossZGB/common/src/Scroll.c:197: }
    00000478 33               [ 6]  893 	inc	sp
    00000479 DD E1            [14]  894 	pop	ix
    0000047B E1               [10]  895 	pop	hl
    0000047C F1               [10]  896 	pop	af
    0000047D E9               [ 4]  897 	jp	(hl)
                                    898 ;C:/Users/franc/Documents/Projets/Perso/GameBoyProjects/CrossZGB/common/src/Scroll.c:200: void ScrollCollisionsReset(void) {
                                    899 ;	---------------------------------
                                    900 ; Function ScrollCollisionsReset
                                    901 ; ---------------------------------
    0000047E                        902 _ScrollCollisionsReset::
                                    903 ;C:/Users/franc/Documents/Projets/Perso/GameBoyProjects/CrossZGB/common/src/Scroll.c:201: memset(scroll_collisions, 0, sizeof(scroll_collisions));
    0000047E 21 00 01         [10]  904 	ld	hl, #0x0100
    00000481 E5               [11]  905 	push	hl
    00000482 65               [ 4]  906 	ld	h, l
    00000483 E5               [11]  907 	push	hl
    00000484 21r08r00         [10]  908 	ld	hl, #_scroll_collisions
    00000487 E5               [11]  909 	push	hl
    00000488 CDr00r00         [17]  910 	call	_memset
                                    911 ;C:/Users/franc/Documents/Projets/Perso/GameBoyProjects/CrossZGB/common/src/Scroll.c:202: }
    0000048B C9               [10]  912 	ret
                                    913 ;C:/Users/franc/Documents/Projets/Perso/GameBoyProjects/CrossZGB/common/src/Scroll.c:204: void ScrollInitCollisionGroup(UINT8 group, const UINT8* coll_list) {
                                    914 ;	---------------------------------
                                    915 ; Function ScrollInitCollisionGroup
                                    916 ; ---------------------------------
    0000048C                        917 _ScrollInitCollisionGroup::
    0000048C 4F               [ 4]  918 	ld	c, a
                                    919 ;C:/Users/franc/Documents/Projets/Perso/GameBoyProjects/CrossZGB/common/src/Scroll.c:205: for (const UINT8 * ptr = coll_list; (*ptr); ptr++) 
    0000048D                        920 00103$:
    0000048D 1A               [ 7]  921 	ld	a, (de)
    0000048E B7               [ 4]  922 	or	a, a
    0000048F C8               [11]  923 	ret	Z
                                    924 ;C:/Users/franc/Documents/Projets/Perso/GameBoyProjects/CrossZGB/common/src/Scroll.c:206: scroll_collisions[*ptr] |= group;
    00000490 C6r08            [ 7]  925 	add	a, #<(_scroll_collisions)
    00000492 6F               [ 4]  926 	ld	l, a
    00000493 3E 00            [ 7]  927 	ld	a, #0x00
    00000495 CEs00            [ 7]  928 	adc	a, #>(_scroll_collisions)
    00000497 67               [ 4]  929 	ld	h, a
    00000498 7E               [ 7]  930 	ld	a, (hl)
    00000499 B1               [ 4]  931 	or	a, c
    0000049A 77               [ 7]  932 	ld	(hl), a
                                    933 ;C:/Users/franc/Documents/Projets/Perso/GameBoyProjects/CrossZGB/common/src/Scroll.c:205: for (const UINT8 * ptr = coll_list; (*ptr); ptr++) 
    0000049B 13               [ 6]  934 	inc	de
                                    935 ;C:/Users/franc/Documents/Projets/Perso/GameBoyProjects/CrossZGB/common/src/Scroll.c:207: }
    0000049C 18 EF            [12]  936 	jr	00103$
                                    937 ;C:/Users/franc/Documents/Projets/Perso/GameBoyProjects/CrossZGB/common/src/Scroll.c:209: void ScrollInitCollisionGroupVector(UINT8 group, const UINT8* coll_vector) {
                                    938 ;	---------------------------------
                                    939 ; Function ScrollInitCollisionGroupVector
                                    940 ; ---------------------------------
    0000049E                        941 _ScrollInitCollisionGroupVector::
    0000049E 4F               [ 4]  942 	ld	c, a
                                    943 ;C:/Users/franc/Documents/Projets/Perso/GameBoyProjects/CrossZGB/common/src/Scroll.c:210: for (UINT8 idx = *coll_vector++; (idx); --idx) scroll_collisions[*coll_vector++] |= group;
    0000049F 1A               [ 7]  944 	ld	a, (de)
    000004A0 47               [ 4]  945 	ld	b, a
    000004A1 13               [ 6]  946 	inc	de
    000004A2                        947 00103$:
    000004A2 78               [ 4]  948 	ld	a, b
    000004A3 B7               [ 4]  949 	or	a, a
    000004A4 C8               [11]  950 	ret	Z
    000004A5 1A               [ 7]  951 	ld	a, (de)
    000004A6 13               [ 6]  952 	inc	de
    000004A7 C6r08            [ 7]  953 	add	a, #<(_scroll_collisions)
    000004A9 6F               [ 4]  954 	ld	l, a
    000004AA 3E 00            [ 7]  955 	ld	a, #0x00
    000004AC CEs00            [ 7]  956 	adc	a, #>(_scroll_collisions)
    000004AE 67               [ 4]  957 	ld	h, a
    000004AF 7E               [ 7]  958 	ld	a, (hl)
    000004B0 B1               [ 4]  959 	or	a, c
    000004B1 77               [ 7]  960 	ld	(hl), a
    000004B2 05               [ 4]  961 	dec	b
                                    962 ;C:/Users/franc/Documents/Projets/Perso/GameBoyProjects/CrossZGB/common/src/Scroll.c:211: }
    000004B3 18 ED            [12]  963 	jr	00103$
                                    964 ;C:/Users/franc/Documents/Projets/Perso/GameBoyProjects/CrossZGB/common/src/Scroll.c:213: void ScrollRemoveCollisionGroupVector(UINT8 group, const UINT8* coll_vector) {
                                    965 ;	---------------------------------
                                    966 ; Function ScrollRemoveCollisionGroupVector
                                    967 ; ---------------------------------
    000004B5                        968 _ScrollRemoveCollisionGroupVector::
    000004B5 47               [ 4]  969 	ld	b, a
                                    970 ;C:/Users/franc/Documents/Projets/Perso/GameBoyProjects/CrossZGB/common/src/Scroll.c:214: for (UINT8 idx = *coll_vector++; (idx); --idx) scroll_collisions[*coll_vector++] &= ~group;
    000004B6 1A               [ 7]  971 	ld	a, (de)
    000004B7 4F               [ 4]  972 	ld	c, a
    000004B8 13               [ 6]  973 	inc	de
    000004B9 78               [ 4]  974 	ld	a, b
    000004BA 2F               [ 4]  975 	cpl
    000004BB 47               [ 4]  976 	ld	b, a
    000004BC                        977 00103$:
    000004BC 79               [ 4]  978 	ld	a, c
    000004BD B7               [ 4]  979 	or	a, a
    000004BE C8               [11]  980 	ret	Z
    000004BF 1A               [ 7]  981 	ld	a, (de)
    000004C0 13               [ 6]  982 	inc	de
    000004C1 C6r08            [ 7]  983 	add	a, #<(_scroll_collisions)
    000004C3 6F               [ 4]  984 	ld	l, a
    000004C4 3E 00            [ 7]  985 	ld	a, #0x00
    000004C6 CEs00            [ 7]  986 	adc	a, #>(_scroll_collisions)
    000004C8 67               [ 4]  987 	ld	h, a
    000004C9 7E               [ 7]  988 	ld	a, (hl)
    000004CA A0               [ 4]  989 	and	a, b
    000004CB 77               [ 7]  990 	ld	(hl), a
    000004CC 0D               [ 4]  991 	dec	c
                                    992 ;C:/Users/franc/Documents/Projets/Perso/GameBoyProjects/CrossZGB/common/src/Scroll.c:215: }
    000004CD 18 ED            [12]  993 	jr	00103$
                                    994 ;C:/Users/franc/Documents/Projets/Perso/GameBoyProjects/CrossZGB/common/src/Scroll.c:217: void ScrollInitCollisions(const UINT8* coll_list, const UINT8* coll_list_down) {
                                    995 ;	---------------------------------
                                    996 ; Function ScrollInitCollisions
                                    997 ; ---------------------------------
    000004CF                        998 _ScrollInitCollisions::
                                    999 ;C:/Users/franc/Documents/Projets/Perso/GameBoyProjects/CrossZGB/common/src/Scroll.c:218: ScrollCollisionsReset();
    000004CF E5               [11] 1000 	push	hl
    000004D0 D5               [11] 1001 	push	de
    000004D1 CDr7Er04         [17] 1002 	call	_ScrollCollisionsReset
    000004D4 D1               [10] 1003 	pop	de
    000004D5 E1               [10] 1004 	pop	hl
                                   1005 ;C:/Users/franc/Documents/Projets/Perso/GameBoyProjects/CrossZGB/common/src/Scroll.c:219: if (coll_list) {
    000004D6 7C               [ 4] 1006 	ld	a, h
    000004D7 B5               [ 4] 1007 	or	a, l
    000004D8 28 08            [12] 1008 	jr	Z, 00102$
                                   1009 ;C:/Users/franc/Documents/Projets/Perso/GameBoyProjects/CrossZGB/common/src/Scroll.c:220: ScrollInitCollisionGroup((COLL_GROUP_DEFAULT | COLL_GROUP_DOWN), coll_list);
    000004DA EB               [ 4] 1010 	ex	de, hl
    000004DB E5               [11] 1011 	push	hl
    000004DC 3E 81            [ 7] 1012 	ld	a, #0x81
    000004DE CDr8Cr04         [17] 1013 	call	_ScrollInitCollisionGroup
    000004E1 D1               [10] 1014 	pop	de
    000004E2                       1015 00102$:
                                   1016 ;C:/Users/franc/Documents/Projets/Perso/GameBoyProjects/CrossZGB/common/src/Scroll.c:222: if (coll_list_down) {
    000004E2 7A               [ 4] 1017 	ld	a, d
    000004E3 B3               [ 4] 1018 	or	a, e
    000004E4 C8               [11] 1019 	ret	Z
                                   1020 ;C:/Users/franc/Documents/Projets/Perso/GameBoyProjects/CrossZGB/common/src/Scroll.c:223: ScrollInitCollisionGroup(COLL_GROUP_DOWN, coll_list_down);
    000004E5 3E 80            [ 7] 1021 	ld	a, #0x80
                                   1022 ;C:/Users/franc/Documents/Projets/Perso/GameBoyProjects/CrossZGB/common/src/Scroll.c:225: }
    000004E7 C3r8Cr04         [10] 1023 	jp	_ScrollInitCollisionGroup
                                   1024 ;C:/Users/franc/Documents/Projets/Perso/GameBoyProjects/CrossZGB/common/src/Scroll.c:227: void ScrollScreenRedraw(void) {
                                   1025 ;	---------------------------------
                                   1026 ; Function ScrollScreenRedraw
                                   1027 ; ---------------------------------
    000004EA                       1028 _ScrollScreenRedraw::
    000004EA DD E5            [15] 1029 	push	ix
    000004EC DD 21 00 00      [14] 1030 	ld	ix,#0
    000004F0 DD 39            [15] 1031 	add	ix,sp
    000004F2 F5               [11] 1032 	push	af
                                   1033 ;C:/Users/franc/Documents/Projets/Perso/GameBoyProjects/CrossZGB/common/src/Scroll.c:228: UINT8 __save = CURRENT_BANK;
    000004F3 3A FE FF         [13] 1034 	ld	a, (_MAP_FRAME1+0)
    000004F6 DD 77 FE         [19] 1035 	ld	-2 (ix), a
                                   1036 ;C:/Users/franc/Documents/Projets/Perso/GameBoyProjects/CrossZGB/common/src/Scroll.c:229: SWITCH_ROM(scroll_bank);
    000004F9 3Ar08r02         [13] 1037 	ld	a, (_scroll_bank+0)
    000004FC 32 FE FF         [13] 1038 	ld	(_MAP_FRAME1+0), a
                                   1039 ;C:/Users/franc/Documents/Projets/Perso/GameBoyProjects/CrossZGB/common/src/Scroll.c:230: INT16 y = PX_TO_TILE(scroll_y);
    000004FF ED 5Br08r00      [20] 1040 	ld	de, (_scroll_y)
    00000503 CB 2A            [ 8] 1041 	sra	d
    00000505 CB 1B            [ 8] 1042 	rr	e
    00000507 CB 2A            [ 8] 1043 	sra	d
    00000509 CB 1B            [ 8] 1044 	rr	e
    0000050B CB 2A            [ 8] 1045 	sra	d
    0000050D CB 1B            [ 8] 1046 	rr	e
                                   1047 ;C:/Users/franc/Documents/Projets/Perso/GameBoyProjects/CrossZGB/common/src/Scroll.c:231: for (UINT8 i = 0u; i != (SCREEN_TILE_REFRES_H) && y != scroll_h; ++i, y++) {
    0000050F DD 36 FF 00      [19] 1048 	ld	-1 (ix), #0x00
    00000513                       1049 00104$:
    00000513 DD 7E FF         [19] 1050 	ld	a, -1 (ix)
    00000516 D6 1A            [ 7] 1051 	sub	a, #0x1a
    00000518 28 24            [12] 1052 	jr	Z, 00101$
    0000051A 4B               [ 4] 1053 	ld	c, e
    0000051B 42               [ 4] 1054 	ld	b, d
    0000051C 2Ar02r00         [16] 1055 	ld	hl, (_scroll_h)
    0000051F BF               [ 4] 1056 	cp	a, a
    00000520 ED 42            [15] 1057 	sbc	hl, bc
    00000522 28 1A            [12] 1058 	jr	Z, 00101$
                                   1059 ;C:/Users/franc/Documents/Projets/Perso/GameBoyProjects/CrossZGB/common/src/Scroll.c:232: ScrollUpdateRow(PX_TO_TILE(scroll_x) - SCREEN_PAD_LEFT,  y - SCREEN_PAD_TOP);
    00000524 2Ar06r00         [16] 1060 	ld	hl, (_scroll_x)
    00000527 CB 2C            [ 8] 1061 	sra	h
    00000529 CB 1D            [ 8] 1062 	rr	l
    0000052B CB 2C            [ 8] 1063 	sra	h
    0000052D CB 1D            [ 8] 1064 	rr	l
    0000052F CB 2C            [ 8] 1065 	sra	h
    00000531 CB 1D            [ 8] 1066 	rr	l
    00000533 D5               [11] 1067 	push	de
    00000534 CDr26r06         [17] 1068 	call	_ScrollUpdateRow
    00000537 D1               [10] 1069 	pop	de
                                   1070 ;C:/Users/franc/Documents/Projets/Perso/GameBoyProjects/CrossZGB/common/src/Scroll.c:231: for (UINT8 i = 0u; i != (SCREEN_TILE_REFRES_H) && y != scroll_h; ++i, y++) {
    00000538 DD 34 FF         [23] 1071 	inc	-1 (ix)
    0000053B 13               [ 6] 1072 	inc	de
    0000053C 18 D5            [12] 1073 	jr	00104$
    0000053E                       1074 00101$:
                                   1075 ;C:/Users/franc/Documents/Projets/Perso/GameBoyProjects/CrossZGB/common/src/Scroll.c:234: SWITCH_ROM(__save);
    0000053E DD 7E FE         [19] 1076 	ld	a, -2 (ix)
    00000541 32 FE FF         [13] 1077 	ld	(_MAP_FRAME1+0), a
                                   1078 ;C:/Users/franc/Documents/Projets/Perso/GameBoyProjects/CrossZGB/common/src/Scroll.c:235: }
    00000544 DD F9            [10] 1079 	ld	sp, ix
    00000546 DD E1            [14] 1080 	pop	ix
    00000548 C9               [10] 1081 	ret
                                   1082 ;C:/Users/franc/Documents/Projets/Perso/GameBoyProjects/CrossZGB/common/src/Scroll.c:237: void InitScroll(UINT8 map_bank, const struct MapInfo* map, const UINT8* coll_list, const UINT8* coll_list_down) {
                                   1083 ;	---------------------------------
                                   1084 ; Function InitScroll
                                   1085 ; ---------------------------------
    00000549                       1086 _InitScroll::
    00000549 6F               [ 4] 1087 	ld	l, a
                                   1088 ;C:/Users/franc/Documents/Projets/Perso/GameBoyProjects/CrossZGB/common/src/Scroll.c:239: ScrollInitTilesFromMap(0, map_bank, map);
    0000054A E5               [11] 1089 	push	hl
    0000054B D5               [11] 1090 	push	de
    0000054C D5               [11] 1091 	push	de
    0000054D AF               [ 4] 1092 	xor	a, a
    0000054E CDr20r04         [17] 1093 	call	_ScrollInitTilesFromMap
    00000551 D1               [10] 1094 	pop	de
    00000552 E1               [10] 1095 	pop	hl
                                   1096 ;C:/Users/franc/Documents/Projets/Perso/GameBoyProjects/CrossZGB/common/src/Scroll.c:242: ScrollSetMap(map_bank, map);
    00000553 7D               [ 4] 1097 	ld	a, l
    00000554 CDr72r03         [17] 1098 	call	_ScrollSetMap
                                   1099 ;C:/Users/franc/Documents/Projets/Perso/GameBoyProjects/CrossZGB/common/src/Scroll.c:245: ScrollInitCollisions(coll_list, coll_list_down);
    00000557 FD 21 04 00      [14] 1100 	ld	iy, #4
    0000055B FD 39            [15] 1101 	add	iy, sp
    0000055D FD 5E 00         [19] 1102 	ld	e, 0 (iy)
    00000560 FD 56 01         [19] 1103 	ld	d, 1 (iy)
    00000563 FD 6E FE         [19] 1104 	ld	l, -2 (iy)
    00000566 FD 66 FF         [19] 1105 	ld	h, -1 (iy)
    00000569 CDrCFr04         [17] 1106 	call	_ScrollInitCollisions
                                   1107 ;C:/Users/franc/Documents/Projets/Perso/GameBoyProjects/CrossZGB/common/src/Scroll.c:248: ScrollScreenRedraw();
    0000056C CDrEAr04         [17] 1108 	call	_ScrollScreenRedraw
                                   1109 ;C:/Users/franc/Documents/Projets/Perso/GameBoyProjects/CrossZGB/common/src/Scroll.c:249: }
    0000056F E1               [10] 1110 	pop	hl
    00000570 F1               [10] 1111 	pop	af
    00000571 F1               [10] 1112 	pop	af
    00000572 E9               [ 4] 1113 	jp	(hl)
                                   1114 ;C:/Users/franc/Documents/Projets/Perso/GameBoyProjects/CrossZGB/common/src/Scroll.c:251: void ScrollUpdateRowR(void) {
                                   1115 ;	---------------------------------
                                   1116 ; Function ScrollUpdateRowR
                                   1117 ; ---------------------------------
    00000573                       1118 _ScrollUpdateRowR::
                                   1119 ;C:/Users/franc/Documents/Projets/Perso/GameBoyProjects/CrossZGB/common/src/Scroll.c:252: scroll_ptr = pending_w_map;
    00000573 2Ar17r00         [16] 1120 	ld	hl, (_pending_w_map)
    00000576 22r18r02         [16] 1121 	ld	(_scroll_ptr), hl
                                   1122 ;C:/Users/franc/Documents/Projets/Perso/GameBoyProjects/CrossZGB/common/src/Scroll.c:254: scroll_cptr = pending_w_cmap;
    00000579 2Ar1Br00         [16] 1123 	ld	hl, (_pending_w_cmap)
    0000057C 22r1Ar02         [16] 1124 	ld	(_scroll_cptr), hl
                                   1125 ;C:/Users/franc/Documents/Projets/Perso/GameBoyProjects/CrossZGB/common/src/Scroll.c:258: for (UINT8 i = MAX(SCREEN_RESTORE_W, pending_w_i); (i); --i) {
    0000057F 3Ar12r02         [13] 1126 	ld	a, (_pending_w_i+0)
    00000582 D6 10            [ 7] 1127 	sub	a, #0x10
    00000584 30 04            [12] 1128 	jr	NC, 00109$
    00000586 0E 10            [ 7] 1129 	ld	c, #0x10
    00000588 18 04            [12] 1130 	jr	00110$
    0000058A                       1131 00109$:
    0000058A 3Ar12r02         [13] 1132 	ld	a, (_pending_w_i)
    0000058D 4F               [ 4] 1133 	ld	c, a
    0000058E                       1134 00110$:
    0000058E                       1135 00105$:
    0000058E 79               [ 4] 1136 	ld	a, c
    0000058F B7               [ 4] 1137 	or	a, a
    00000590 28 3C            [12] 1138 	jr	Z, 00103$
                                   1139 ;C:/Users/franc/Documents/Projets/Perso/GameBoyProjects/CrossZGB/common/src/Scroll.c:259: UPDATE_TILE(pending_w_x++, pending_w_y);
    00000592 3Ar0Er02         [13] 1140 	ld	a, (_pending_w_x)
    00000595 47               [ 4] 1141 	ld	b, a
    00000596 FD 2Ar0Er02      [20] 1142 	ld	iy, (_pending_w_x)
    0000059A 2Ar0Er02         [16] 1143 	ld	hl, (_pending_w_x)
    0000059D 23               [ 6] 1144 	inc	hl
    0000059E 22r0Er02         [16] 1145 	ld	(_pending_w_x), hl
    000005A1 C5               [11] 1146 	push	bc
    000005A2 ED 5Br10r02      [20] 1147 	ld	de, (_pending_w_y)
    000005A6 68               [ 4] 1148 	ld	l, b
    000005A7 FD E5            [15] 1149 	push	iy
    000005A9 EB               [ 4] 1150 	ex	de, hl
    000005AA E3               [19] 1151 	ex	(sp), hl
    000005AB 54               [ 4] 1152 	ld	d, h
    000005AC E3               [19] 1153 	ex	(sp), hl
    000005AD EB               [ 4] 1154 	ex	de, hl
    000005AE FD E1            [14] 1155 	pop	iy
    000005B0 CDr00r00         [17] 1156 	call	_UPDATE_TILE
    000005B3 C1               [10] 1157 	pop	bc
                                   1158 ;C:/Users/franc/Documents/Projets/Perso/GameBoyProjects/CrossZGB/common/src/Scroll.c:260: scroll_ptr++;
    000005B4 2Ar18r02         [16] 1159 	ld	hl, (_scroll_ptr)
    000005B7 23               [ 6] 1160 	inc	hl
    000005B8 22r18r02         [16] 1161 	ld	(_scroll_ptr), hl
                                   1162 ;C:/Users/franc/Documents/Projets/Perso/GameBoyProjects/CrossZGB/common/src/Scroll.c:262: if (scroll_cptr) scroll_cptr++;
    000005BB 3Ar1Br02         [13] 1163 	ld	a, (_scroll_cptr+1)
    000005BE 21r1Ar02         [10] 1164 	ld	hl, #_scroll_cptr
    000005C1 B6               [ 7] 1165 	or	a, (hl)
    000005C2 28 07            [12] 1166 	jr	Z, 00106$
    000005C4 2Ar1Ar02         [16] 1167 	ld	hl, (_scroll_cptr)
    000005C7 23               [ 6] 1168 	inc	hl
    000005C8 22r1Ar02         [16] 1169 	ld	(_scroll_cptr), hl
    000005CB                       1170 00106$:
                                   1171 ;C:/Users/franc/Documents/Projets/Perso/GameBoyProjects/CrossZGB/common/src/Scroll.c:258: for (UINT8 i = MAX(SCREEN_RESTORE_W, pending_w_i); (i); --i) {
    000005CB 0D               [ 4] 1172 	dec	c
    000005CC 18 C0            [12] 1173 	jr	00105$
    000005CE                       1174 00103$:
                                   1175 ;C:/Users/franc/Documents/Projets/Perso/GameBoyProjects/CrossZGB/common/src/Scroll.c:265: pending_w_i = 0;
    000005CE AF               [ 4] 1176 	xor	a, a
    000005CF 32r12r02         [13] 1177 	ld	(_pending_w_i+0), a
                                   1178 ;C:/Users/franc/Documents/Projets/Perso/GameBoyProjects/CrossZGB/common/src/Scroll.c:266: }
    000005D2 C9               [10] 1179 	ret
                                   1180 ;C:/Users/franc/Documents/Projets/Perso/GameBoyProjects/CrossZGB/common/src/Scroll.c:268: void ScrollUpdateRowWithDelay(INT16 x, INT16 y) {
                                   1181 ;	---------------------------------
                                   1182 ; Function ScrollUpdateRowWithDelay
                                   1183 ; ---------------------------------
    000005D3                       1184 _ScrollUpdateRowWithDelay::
    000005D3 4D               [ 4] 1185 	ld	c, l
    000005D4 44               [ 4] 1186 	ld	b, h
                                   1187 ;C:/Users/franc/Documents/Projets/Perso/GameBoyProjects/CrossZGB/common/src/Scroll.c:269: if (pending_w_i) ScrollUpdateRowR();
    000005D5 3Ar12r02         [13] 1188 	ld	a, (_pending_w_i+0)
    000005D8 B7               [ 4] 1189 	or	a, a
    000005D9 28 07            [12] 1190 	jr	Z, 00102$
    000005DB C5               [11] 1191 	push	bc
    000005DC D5               [11] 1192 	push	de
    000005DD CDr73r05         [17] 1193 	call	_ScrollUpdateRowR
    000005E0 D1               [10] 1194 	pop	de
    000005E1 C1               [10] 1195 	pop	bc
    000005E2                       1196 00102$:
                                   1197 ;C:/Users/franc/Documents/Projets/Perso/GameBoyProjects/CrossZGB/common/src/Scroll.c:271: pending_w_i = SCREEN_TILE_REFRES_W;
    000005E2 21r12r02         [10] 1198 	ld	hl, #_pending_w_i
    000005E5 36 20            [10] 1199 	ld	(hl), #0x20
                                   1200 ;C:/Users/franc/Documents/Projets/Perso/GameBoyProjects/CrossZGB/common/src/Scroll.c:273: UINT16 offset = scroll_tiles_w * (pending_w_y = y) + (pending_w_x = x);
    000005E7 ED 53r10r02      [20] 1201 	ld	(_pending_w_y), de
    000005EB C5               [11] 1202 	push	bc
    000005EC 2Ar04r00         [16] 1203 	ld	hl, (_scroll_tiles_w)
    000005EF CDr00r00         [17] 1204 	call	__mulint
    000005F2 EB               [ 4] 1205 	ex	de, hl
    000005F3 C1               [10] 1206 	pop	bc
    000005F4 ED 43r0Er02      [20] 1207 	ld	(_pending_w_x), bc
    000005F8 09               [11] 1208 	add	hl, bc
    000005F9 4D               [ 4] 1209 	ld	c, l
    000005FA 5C               [ 4] 1210 	ld	e, h
                                   1211 ;C:/Users/franc/Documents/Projets/Perso/GameBoyProjects/CrossZGB/common/src/Scroll.c:274: pending_w_map = scroll_map + offset;
    000005FB 79               [ 4] 1212 	ld	a, c
    000005FC 21r02r00         [10] 1213 	ld	hl, #_scroll_map
    000005FF FD 21r17r00      [14] 1214 	ld	iy, #_pending_w_map
    00000603 86               [ 7] 1215 	add	a, (hl)
    00000604 FD 77 00         [19] 1216 	ld	0 (iy), a
    00000607 23               [ 6] 1217 	inc	hl
    00000608 7B               [ 4] 1218 	ld	a, e
    00000609 8E               [ 7] 1219 	adc	a, (hl)
    0000060A FD 23            [10] 1220 	inc	iy
    0000060C FD 77 00         [19] 1221 	ld	0 (iy), a
                                   1222 ;C:/Users/franc/Documents/Projets/Perso/GameBoyProjects/CrossZGB/common/src/Scroll.c:276: pending_w_cmap = (scroll_cmap) ? (scroll_cmap + offset) : NULL;
    0000060F 3Ar05r00         [13] 1223 	ld	a, (_scroll_cmap+1)
    00000612 21r04r00         [10] 1224 	ld	hl, #_scroll_cmap
    00000615 B6               [ 7] 1225 	or	a, (hl)
    00000616 28 07            [12] 1226 	jr	Z, 00105$
    00000618 2Ar04r00         [16] 1227 	ld	hl, (_scroll_cmap)
    0000061B 43               [ 4] 1228 	ld	b, e
    0000061C 09               [11] 1229 	add	hl, bc
    0000061D 18 03            [12] 1230 	jr	00106$
    0000061F                       1231 00105$:
    0000061F 21 00 00         [10] 1232 	ld	hl, #0x0000
    00000622                       1233 00106$:
    00000622 22r1Br00         [16] 1234 	ld	(_pending_w_cmap), hl
                                   1235 ;C:/Users/franc/Documents/Projets/Perso/GameBoyProjects/CrossZGB/common/src/Scroll.c:278: }
    00000625 C9               [10] 1236 	ret
                                   1237 ;C:/Users/franc/Documents/Projets/Perso/GameBoyProjects/CrossZGB/common/src/Scroll.c:280: void ScrollUpdateRow(INT16 x, INT16 y) {
                                   1238 ;	---------------------------------
                                   1239 ; Function ScrollUpdateRow
                                   1240 ; ---------------------------------
    00000626                       1241 _ScrollUpdateRow::
    00000626 DD E5            [15] 1242 	push	ix
    00000628 DD 21 00 00      [14] 1243 	ld	ix,#0
    0000062C DD 39            [15] 1244 	add	ix,sp
    0000062E F5               [11] 1245 	push	af
    0000062F 3B               [ 6] 1246 	dec	sp
    00000630 4D               [ 4] 1247 	ld	c, l
    00000631 44               [ 4] 1248 	ld	b, h
    00000632 33               [ 6] 1249 	inc	sp
    00000633 33               [ 6] 1250 	inc	sp
                                   1251 ;C:/Users/franc/Documents/Projets/Perso/GameBoyProjects/CrossZGB/common/src/Scroll.c:281: UINT16 offset = scroll_tiles_w * y + x;
    00000634 D5               [11] 1252 	push	de
    00000635 C5               [11] 1253 	push	bc
    00000636 2Ar04r00         [16] 1254 	ld	hl, (_scroll_tiles_w)
    00000639 CDr00r00         [17] 1255 	call	__mulint
    0000063C C1               [10] 1256 	pop	bc
    0000063D 79               [ 4] 1257 	ld	a, c
    0000063E 68               [ 4] 1258 	ld	l, b
    0000063F 83               [ 4] 1259 	add	a, e
    00000640 5F               [ 4] 1260 	ld	e, a
    00000641 7D               [ 4] 1261 	ld	a, l
    00000642 8A               [ 4] 1262 	adc	a, d
    00000643 57               [ 4] 1263 	ld	d, a
                                   1264 ;C:/Users/franc/Documents/Projets/Perso/GameBoyProjects/CrossZGB/common/src/Scroll.c:283: scroll_ptr = scroll_map + offset;
    00000644 7B               [ 4] 1265 	ld	a, e
    00000645 FD 21r02r00      [14] 1266 	ld	iy, #_scroll_map
    00000649 FD 86 00         [19] 1267 	add	a, 0 (iy)
    0000064C 32r18r02         [13] 1268 	ld	(_scroll_ptr+0), a
    0000064F 7A               [ 4] 1269 	ld	a, d
    00000650 FD 8E 01         [19] 1270 	adc	a, 1 (iy)
    00000653 32r19r02         [13] 1271 	ld	(_scroll_ptr+1), a
                                   1272 ;C:/Users/franc/Documents/Projets/Perso/GameBoyProjects/CrossZGB/common/src/Scroll.c:285: scroll_cptr = (scroll_cmap) ? (scroll_cmap + offset) : NULL;
    00000656 3Ar05r00         [13] 1273 	ld	a, (_scroll_cmap+1)
    00000659 21r04r00         [10] 1274 	ld	hl, #_scroll_cmap
    0000065C B6               [ 7] 1275 	or	a, (hl)
    0000065D 28 06            [12] 1276 	jr	Z, 00109$
    0000065F 2Ar04r00         [16] 1277 	ld	hl, (_scroll_cmap)
    00000662 19               [11] 1278 	add	hl, de
    00000663 18 03            [12] 1279 	jr	00110$
    00000665                       1280 00109$:
    00000665 21 00 00         [10] 1281 	ld	hl, #0x0000
    00000668                       1282 00110$:
    00000668 22r1Ar02         [16] 1283 	ld	(_scroll_cptr), hl
                                   1284 ;C:/Users/franc/Documents/Projets/Perso/GameBoyProjects/CrossZGB/common/src/Scroll.c:291: __save = CURRENT_BANK;
    0000066B 3A FE FF         [13] 1285 	ld	a, (_MAP_FRAME1+0)
    0000066E 32r1Cr02         [13] 1286 	ld	(_ScrollUpdateRow___save_10001_315+0), a
                                   1287 ;C:/Users/franc/Documents/Projets/Perso/GameBoyProjects/CrossZGB/common/src/Scroll.c:292: SWITCH_ROM(scroll_bank);
    00000671 3Ar08r02         [13] 1288 	ld	a, (_scroll_bank+0)
    00000674 32 FE FF         [13] 1289 	ld	(_MAP_FRAME1+0), a
                                   1290 ;C:/Users/franc/Documents/Projets/Perso/GameBoyProjects/CrossZGB/common/src/Scroll.c:293: for (UINT8 i = SCREEN_TILE_REFRES_W; (i); --i) {
    00000677 DD 36 FF 20      [19] 1291 	ld	-1 (ix), #0x20
    0000067B                       1292 00105$:
    0000067B DD 7E FF         [19] 1293 	ld	a, -1 (ix)
    0000067E B7               [ 4] 1294 	or	a, a
    0000067F 28 2A            [12] 1295 	jr	Z, 00103$
                                   1296 ;C:/Users/franc/Documents/Projets/Perso/GameBoyProjects/CrossZGB/common/src/Scroll.c:294: UPDATE_TILE(x++, y);
    00000681 69               [ 4] 1297 	ld	l, c
    00000682 60               [ 4] 1298 	ld	h, b
    00000683 03               [ 6] 1299 	inc	bc
    00000684 C5               [11] 1300 	push	bc
    00000685 DD 5E FD         [19] 1301 	ld	e, -3 (ix)
    00000688 DD 56 FE         [19] 1302 	ld	d, -2 (ix)
    0000068B CDr00r00         [17] 1303 	call	_UPDATE_TILE
    0000068E C1               [10] 1304 	pop	bc
                                   1305 ;C:/Users/franc/Documents/Projets/Perso/GameBoyProjects/CrossZGB/common/src/Scroll.c:295: scroll_ptr++;
    0000068F 2Ar18r02         [16] 1306 	ld	hl, (_scroll_ptr)
    00000692 23               [ 6] 1307 	inc	hl
    00000693 22r18r02         [16] 1308 	ld	(_scroll_ptr), hl
                                   1309 ;C:/Users/franc/Documents/Projets/Perso/GameBoyProjects/CrossZGB/common/src/Scroll.c:297: if (scroll_cptr) scroll_cptr++;
    00000696 3Ar1Br02         [13] 1310 	ld	a, (_scroll_cptr+1)
    00000699 21r1Ar02         [10] 1311 	ld	hl, #_scroll_cptr
    0000069C B6               [ 7] 1312 	or	a, (hl)
    0000069D 28 07            [12] 1313 	jr	Z, 00106$
    0000069F 2Ar1Ar02         [16] 1314 	ld	hl, (_scroll_cptr)
    000006A2 23               [ 6] 1315 	inc	hl
    000006A3 22r1Ar02         [16] 1316 	ld	(_scroll_cptr), hl
    000006A6                       1317 00106$:
                                   1318 ;C:/Users/franc/Documents/Projets/Perso/GameBoyProjects/CrossZGB/common/src/Scroll.c:293: for (UINT8 i = SCREEN_TILE_REFRES_W; (i); --i) {
    000006A6 DD 35 FF         [23] 1319 	dec	-1 (ix)
    000006A9 18 D0            [12] 1320 	jr	00105$
    000006AB                       1321 00103$:
                                   1322 ;C:/Users/franc/Documents/Projets/Perso/GameBoyProjects/CrossZGB/common/src/Scroll.c:300: SWITCH_ROM(__save);
    000006AB 3Ar1Cr02         [13] 1323 	ld	a, (_ScrollUpdateRow___save_10001_315+0)
    000006AE 32 FE FF         [13] 1324 	ld	(_MAP_FRAME1+0), a
                                   1325 ;C:/Users/franc/Documents/Projets/Perso/GameBoyProjects/CrossZGB/common/src/Scroll.c:301: }
    000006B1 DD F9            [10] 1326 	ld	sp, ix
    000006B3 DD E1            [14] 1327 	pop	ix
    000006B5 C9               [10] 1328 	ret
                                   1329 ;C:/Users/franc/Documents/Projets/Perso/GameBoyProjects/CrossZGB/common/src/Scroll.c:303: void ScrollUpdateColumnR(void) {
                                   1330 ;	---------------------------------
                                   1331 ; Function ScrollUpdateColumnR
                                   1332 ; ---------------------------------
    000006B6                       1333 _ScrollUpdateColumnR::
                                   1334 ;C:/Users/franc/Documents/Projets/Perso/GameBoyProjects/CrossZGB/common/src/Scroll.c:304: scroll_ptr = pending_h_map;
    000006B6 2Ar15r00         [16] 1335 	ld	hl, (_pending_h_map)
    000006B9 22r18r02         [16] 1336 	ld	(_scroll_ptr), hl
                                   1337 ;C:/Users/franc/Documents/Projets/Perso/GameBoyProjects/CrossZGB/common/src/Scroll.c:306: scroll_cptr = pending_h_cmap;
    000006BC 2Ar19r00         [16] 1338 	ld	hl, (_pending_h_cmap)
    000006BF 22r1Ar02         [16] 1339 	ld	(_scroll_cptr), hl
                                   1340 ;C:/Users/franc/Documents/Projets/Perso/GameBoyProjects/CrossZGB/common/src/Scroll.c:310: for (UINT8 i = MAX(SCREEN_RESTORE_H, pending_h_i); (i); --i) {
    000006C2 3Ar0Dr02         [13] 1341 	ld	a, (_pending_h_i+0)
    000006C5 D6 0A            [ 7] 1342 	sub	a, #0x0a
    000006C7 30 04            [12] 1343 	jr	NC, 00109$
    000006C9 0E 0A            [ 7] 1344 	ld	c, #0x0a
    000006CB 18 04            [12] 1345 	jr	00110$
    000006CD                       1346 00109$:
    000006CD 3Ar0Dr02         [13] 1347 	ld	a, (_pending_h_i)
    000006D0 4F               [ 4] 1348 	ld	c, a
    000006D1                       1349 00110$:
    000006D1                       1350 00105$:
    000006D1 79               [ 4] 1351 	ld	a, c
    000006D2 B7               [ 4] 1352 	or	a, a
    000006D3 28 42            [12] 1353 	jr	Z, 00103$
                                   1354 ;C:/Users/franc/Documents/Projets/Perso/GameBoyProjects/CrossZGB/common/src/Scroll.c:311: UPDATE_TILE(pending_h_x, pending_h_y++);
    000006D5 ED 5Br0Br02      [20] 1355 	ld	de, (_pending_h_y)
    000006D9 2Ar0Br02         [16] 1356 	ld	hl, (_pending_h_y)
    000006DC 23               [ 6] 1357 	inc	hl
    000006DD 22r0Br02         [16] 1358 	ld	(_pending_h_y), hl
    000006E0 C5               [11] 1359 	push	bc
    000006E1 2Ar09r02         [16] 1360 	ld	hl, (_pending_h_x)
    000006E4 CDr00r00         [17] 1361 	call	_UPDATE_TILE
    000006E7 C1               [10] 1362 	pop	bc
                                   1363 ;C:/Users/franc/Documents/Projets/Perso/GameBoyProjects/CrossZGB/common/src/Scroll.c:312: scroll_ptr += scroll_tiles_w;
    000006E8 21r04r00         [10] 1364 	ld	hl, #_scroll_tiles_w
    000006EB D5               [11] 1365 	push	de
    000006EC 11r18r02         [10] 1366 	ld	de, #_scroll_ptr
    000006EF 1A               [ 7] 1367 	ld	a, (de)
    000006F0 86               [ 7] 1368 	add	a, (hl)
    000006F1 23               [ 6] 1369 	inc	hl
    000006F2 12               [ 7] 1370 	ld	(de), a
    000006F3 13               [ 6] 1371 	inc	de
    000006F4 1A               [ 7] 1372 	ld	a, (de)
    000006F5 8E               [ 7] 1373 	adc	a, (hl)
    000006F6 12               [ 7] 1374 	ld	(de), a
    000006F7 D1               [10] 1375 	pop	de
                                   1376 ;C:/Users/franc/Documents/Projets/Perso/GameBoyProjects/CrossZGB/common/src/Scroll.c:314: if (scroll_cptr) scroll_cptr += scroll_tiles_w;
    000006F8 3Ar1Br02         [13] 1377 	ld	a, (_scroll_cptr+1)
    000006FB FD 21r1Ar02      [14] 1378 	ld	iy, #_scroll_cptr
    000006FF FD B6 00         [19] 1379 	or	a, 0 (iy)
    00000702 28 10            [12] 1380 	jr	Z, 00106$
    00000704 21r04r00         [10] 1381 	ld	hl, #_scroll_tiles_w
    00000707 D5               [11] 1382 	push	de
    00000708 FD E5            [15] 1383 	push	iy
    0000070A D1               [10] 1384 	pop	de
    0000070B 1A               [ 7] 1385 	ld	a, (de)
    0000070C 86               [ 7] 1386 	add	a, (hl)
    0000070D 23               [ 6] 1387 	inc	hl
    0000070E 12               [ 7] 1388 	ld	(de), a
    0000070F 13               [ 6] 1389 	inc	de
    00000710 1A               [ 7] 1390 	ld	a, (de)
    00000711 8E               [ 7] 1391 	adc	a, (hl)
    00000712 12               [ 7] 1392 	ld	(de), a
    00000713 D1               [10] 1393 	pop	de
    00000714                       1394 00106$:
                                   1395 ;C:/Users/franc/Documents/Projets/Perso/GameBoyProjects/CrossZGB/common/src/Scroll.c:310: for (UINT8 i = MAX(SCREEN_RESTORE_H, pending_h_i); (i); --i) {
    00000714 0D               [ 4] 1396 	dec	c
    00000715 18 BA            [12] 1397 	jr	00105$
    00000717                       1398 00103$:
                                   1399 ;C:/Users/franc/Documents/Projets/Perso/GameBoyProjects/CrossZGB/common/src/Scroll.c:317: pending_h_i = 0;
    00000717 AF               [ 4] 1400 	xor	a, a
    00000718 32r0Dr02         [13] 1401 	ld	(_pending_h_i+0), a
                                   1402 ;C:/Users/franc/Documents/Projets/Perso/GameBoyProjects/CrossZGB/common/src/Scroll.c:318: }
    0000071B C9               [10] 1403 	ret
                                   1404 ;C:/Users/franc/Documents/Projets/Perso/GameBoyProjects/CrossZGB/common/src/Scroll.c:320: void ScrollUpdateColumnWithDelay(INT16 x, INT16 y) {
                                   1405 ;	---------------------------------
                                   1406 ; Function ScrollUpdateColumnWithDelay
                                   1407 ; ---------------------------------
    0000071C                       1408 _ScrollUpdateColumnWithDelay::
    0000071C 4D               [ 4] 1409 	ld	c, l
    0000071D 44               [ 4] 1410 	ld	b, h
                                   1411 ;C:/Users/franc/Documents/Projets/Perso/GameBoyProjects/CrossZGB/common/src/Scroll.c:321: if (pending_h_i) ScrollUpdateColumnR();
    0000071E 3Ar0Dr02         [13] 1412 	ld	a, (_pending_h_i+0)
    00000721 B7               [ 4] 1413 	or	a, a
    00000722 28 07            [12] 1414 	jr	Z, 00102$
    00000724 C5               [11] 1415 	push	bc
    00000725 D5               [11] 1416 	push	de
    00000726 CDrB6r06         [17] 1417 	call	_ScrollUpdateColumnR
    00000729 D1               [10] 1418 	pop	de
    0000072A C1               [10] 1419 	pop	bc
    0000072B                       1420 00102$:
                                   1421 ;C:/Users/franc/Documents/Projets/Perso/GameBoyProjects/CrossZGB/common/src/Scroll.c:323: pending_h_i = SCREEN_TILE_REFRES_H;
    0000072B 21r0Dr02         [10] 1422 	ld	hl, #_pending_h_i
    0000072E 36 1A            [10] 1423 	ld	(hl), #0x1a
                                   1424 ;C:/Users/franc/Documents/Projets/Perso/GameBoyProjects/CrossZGB/common/src/Scroll.c:325: UINT16 offset = scroll_tiles_w * (pending_h_y = y) + (pending_h_x = x);
    00000730 ED 53r0Br02      [20] 1425 	ld	(_pending_h_y), de
    00000734 C5               [11] 1426 	push	bc
    00000735 2Ar04r00         [16] 1427 	ld	hl, (_scroll_tiles_w)
    00000738 CDr00r00         [17] 1428 	call	__mulint
    0000073B EB               [ 4] 1429 	ex	de, hl
    0000073C C1               [10] 1430 	pop	bc
    0000073D ED 43r09r02      [20] 1431 	ld	(_pending_h_x), bc
    00000741 09               [11] 1432 	add	hl, bc
    00000742 4D               [ 4] 1433 	ld	c, l
    00000743 5C               [ 4] 1434 	ld	e, h
                                   1435 ;C:/Users/franc/Documents/Projets/Perso/GameBoyProjects/CrossZGB/common/src/Scroll.c:326: pending_h_map = scroll_map + offset;
    00000744 79               [ 4] 1436 	ld	a, c
    00000745 21r02r00         [10] 1437 	ld	hl, #_scroll_map
    00000748 FD 21r15r00      [14] 1438 	ld	iy, #_pending_h_map
    0000074C 86               [ 7] 1439 	add	a, (hl)
    0000074D FD 77 00         [19] 1440 	ld	0 (iy), a
    00000750 23               [ 6] 1441 	inc	hl
    00000751 7B               [ 4] 1442 	ld	a, e
    00000752 8E               [ 7] 1443 	adc	a, (hl)
    00000753 FD 23            [10] 1444 	inc	iy
    00000755 FD 77 00         [19] 1445 	ld	0 (iy), a
                                   1446 ;C:/Users/franc/Documents/Projets/Perso/GameBoyProjects/CrossZGB/common/src/Scroll.c:328: pending_h_cmap = (scroll_cmap) ? (scroll_cmap + offset) : NULL;
    00000758 3Ar05r00         [13] 1447 	ld	a, (_scroll_cmap+1)
    0000075B 21r04r00         [10] 1448 	ld	hl, #_scroll_cmap
    0000075E B6               [ 7] 1449 	or	a, (hl)
    0000075F 28 07            [12] 1450 	jr	Z, 00105$
    00000761 2Ar04r00         [16] 1451 	ld	hl, (_scroll_cmap)
    00000764 43               [ 4] 1452 	ld	b, e
    00000765 09               [11] 1453 	add	hl, bc
    00000766 18 03            [12] 1454 	jr	00106$
    00000768                       1455 00105$:
    00000768 21 00 00         [10] 1456 	ld	hl, #0x0000
    0000076B                       1457 00106$:
    0000076B 22r19r00         [16] 1458 	ld	(_pending_h_cmap), hl
                                   1459 ;C:/Users/franc/Documents/Projets/Perso/GameBoyProjects/CrossZGB/common/src/Scroll.c:330: }
    0000076E C9               [10] 1460 	ret
                                   1461 ;C:/Users/franc/Documents/Projets/Perso/GameBoyProjects/CrossZGB/common/src/Scroll.c:332: void ScrollUpdateColumn(INT16 x, INT16 y) {
                                   1462 ;	---------------------------------
                                   1463 ; Function ScrollUpdateColumn
                                   1464 ; ---------------------------------
    0000076F                       1465 _ScrollUpdateColumn::
    0000076F DD E5            [15] 1466 	push	ix
    00000771 DD 21 00 00      [14] 1467 	ld	ix,#0
    00000775 DD 39            [15] 1468 	add	ix,sp
    00000777 F5               [11] 1469 	push	af
    00000778 F5               [11] 1470 	push	af
    00000779 3B               [ 6] 1471 	dec	sp
    0000077A 4D               [ 4] 1472 	ld	c, l
    0000077B 44               [ 4] 1473 	ld	b, h
    0000077C 33               [ 6] 1474 	inc	sp
    0000077D 33               [ 6] 1475 	inc	sp
                                   1476 ;C:/Users/franc/Documents/Projets/Perso/GameBoyProjects/CrossZGB/common/src/Scroll.c:333: UINT16 offset = scroll_tiles_w * y + x;
    0000077E D5               [11] 1477 	push	de
    0000077F C5               [11] 1478 	push	bc
    00000780 2Ar04r00         [16] 1479 	ld	hl, (_scroll_tiles_w)
    00000783 CDr00r00         [17] 1480 	call	__mulint
    00000786 C1               [10] 1481 	pop	bc
    00000787 79               [ 4] 1482 	ld	a, c
    00000788 68               [ 4] 1483 	ld	l, b
    00000789 83               [ 4] 1484 	add	a, e
    0000078A 5F               [ 4] 1485 	ld	e, a
    0000078B 7D               [ 4] 1486 	ld	a, l
    0000078C 8A               [ 4] 1487 	adc	a, d
    0000078D 57               [ 4] 1488 	ld	d, a
                                   1489 ;C:/Users/franc/Documents/Projets/Perso/GameBoyProjects/CrossZGB/common/src/Scroll.c:335: scroll_ptr = scroll_map + offset;
    0000078E 7B               [ 4] 1490 	ld	a, e
    0000078F FD 21r02r00      [14] 1491 	ld	iy, #_scroll_map
    00000793 FD 86 00         [19] 1492 	add	a, 0 (iy)
    00000796 32r18r02         [13] 1493 	ld	(_scroll_ptr+0), a
    00000799 7A               [ 4] 1494 	ld	a, d
    0000079A FD 8E 01         [19] 1495 	adc	a, 1 (iy)
    0000079D 32r19r02         [13] 1496 	ld	(_scroll_ptr+1), a
                                   1497 ;C:/Users/franc/Documents/Projets/Perso/GameBoyProjects/CrossZGB/common/src/Scroll.c:337: scroll_cptr = (scroll_cmap) ? (scroll_cmap + offset) : NULL;
    000007A0 3Ar05r00         [13] 1498 	ld	a, (_scroll_cmap+1)
    000007A3 21r04r00         [10] 1499 	ld	hl, #_scroll_cmap
    000007A6 B6               [ 7] 1500 	or	a, (hl)
    000007A7 28 06            [12] 1501 	jr	Z, 00109$
    000007A9 2Ar04r00         [16] 1502 	ld	hl, (_scroll_cmap)
    000007AC 19               [11] 1503 	add	hl, de
    000007AD 18 03            [12] 1504 	jr	00110$
    000007AF                       1505 00109$:
    000007AF 21 00 00         [10] 1506 	ld	hl, #0x0000
    000007B2                       1507 00110$:
    000007B2 22r1Ar02         [16] 1508 	ld	(_scroll_cptr), hl
                                   1509 ;C:/Users/franc/Documents/Projets/Perso/GameBoyProjects/CrossZGB/common/src/Scroll.c:343: __save = CURRENT_BANK;
    000007B5 3A FE FF         [13] 1510 	ld	a, (_MAP_FRAME1+0)
    000007B8 32r1Dr02         [13] 1511 	ld	(_ScrollUpdateColumn___save_10001_330+0), a
                                   1512 ;C:/Users/franc/Documents/Projets/Perso/GameBoyProjects/CrossZGB/common/src/Scroll.c:344: SWITCH_ROM(scroll_bank);
    000007BB 3Ar08r02         [13] 1513 	ld	a, (_scroll_bank+0)
    000007BE 32 FE FF         [13] 1514 	ld	(_MAP_FRAME1+0), a
                                   1515 ;C:/Users/franc/Documents/Projets/Perso/GameBoyProjects/CrossZGB/common/src/Scroll.c:345: for (UINT8 i = SCREEN_TILE_REFRES_H; (i); --i) {
    000007C1 DD 7E FB         [19] 1516 	ld	a, -5 (ix)
    000007C4 DD 77 FD         [19] 1517 	ld	-3 (ix), a
    000007C7 DD 7E FC         [19] 1518 	ld	a, -4 (ix)
    000007CA DD 77 FE         [19] 1519 	ld	-2 (ix), a
    000007CD DD 36 FF 1A      [19] 1520 	ld	-1 (ix), #0x1a
    000007D1                       1521 00105$:
    000007D1 DD 7E FF         [19] 1522 	ld	a, -1 (ix)
    000007D4 B7               [ 4] 1523 	or	a, a
    000007D5 28 44            [12] 1524 	jr	Z, 00103$
                                   1525 ;C:/Users/franc/Documents/Projets/Perso/GameBoyProjects/CrossZGB/common/src/Scroll.c:346: UPDATE_TILE(x, y++);
    000007D7 E1               [10] 1526 	pop	hl
    000007D8 D1               [10] 1527 	pop	de
    000007D9 D5               [11] 1528 	push	de
    000007DA E5               [11] 1529 	push	hl
    000007DB DD 34 FD         [23] 1530 	inc	-3 (ix)
    000007DE 20 03            [12] 1531 	jr	NZ, 00140$
    000007E0 DD 34 FE         [23] 1532 	inc	-2 (ix)
    000007E3                       1533 00140$:
    000007E3 C5               [11] 1534 	push	bc
    000007E4 69               [ 4] 1535 	ld	l, c
    000007E5 60               [ 4] 1536 	ld	h, b
    000007E6 CDr00r00         [17] 1537 	call	_UPDATE_TILE
    000007E9 C1               [10] 1538 	pop	bc
                                   1539 ;C:/Users/franc/Documents/Projets/Perso/GameBoyProjects/CrossZGB/common/src/Scroll.c:347: scroll_ptr += scroll_tiles_w;
    000007EA 21r04r00         [10] 1540 	ld	hl, #_scroll_tiles_w
    000007ED D5               [11] 1541 	push	de
    000007EE 11r18r02         [10] 1542 	ld	de, #_scroll_ptr
    000007F1 1A               [ 7] 1543 	ld	a, (de)
    000007F2 86               [ 7] 1544 	add	a, (hl)
    000007F3 23               [ 6] 1545 	inc	hl
    000007F4 12               [ 7] 1546 	ld	(de), a
    000007F5 13               [ 6] 1547 	inc	de
    000007F6 1A               [ 7] 1548 	ld	a, (de)
    000007F7 8E               [ 7] 1549 	adc	a, (hl)
    000007F8 12               [ 7] 1550 	ld	(de), a
    000007F9 D1               [10] 1551 	pop	de
                                   1552 ;C:/Users/franc/Documents/Projets/Perso/GameBoyProjects/CrossZGB/common/src/Scroll.c:349: if (scroll_cptr) scroll_cptr += scroll_tiles_w;
    000007FA 3Ar1Br02         [13] 1553 	ld	a, (_scroll_cptr+1)
    000007FD FD 21r1Ar02      [14] 1554 	ld	iy, #_scroll_cptr
    00000801 FD B6 00         [19] 1555 	or	a, 0 (iy)
    00000804 28 10            [12] 1556 	jr	Z, 00106$
    00000806 21r04r00         [10] 1557 	ld	hl, #_scroll_tiles_w
    00000809 D5               [11] 1558 	push	de
    0000080A FD E5            [15] 1559 	push	iy
    0000080C D1               [10] 1560 	pop	de
    0000080D 1A               [ 7] 1561 	ld	a, (de)
    0000080E 86               [ 7] 1562 	add	a, (hl)
    0000080F 23               [ 6] 1563 	inc	hl
    00000810 12               [ 7] 1564 	ld	(de), a
    00000811 13               [ 6] 1565 	inc	de
    00000812 1A               [ 7] 1566 	ld	a, (de)
    00000813 8E               [ 7] 1567 	adc	a, (hl)
    00000814 12               [ 7] 1568 	ld	(de), a
    00000815 D1               [10] 1569 	pop	de
    00000816                       1570 00106$:
                                   1571 ;C:/Users/franc/Documents/Projets/Perso/GameBoyProjects/CrossZGB/common/src/Scroll.c:345: for (UINT8 i = SCREEN_TILE_REFRES_H; (i); --i) {
    00000816 DD 35 FF         [23] 1572 	dec	-1 (ix)
    00000819 18 B6            [12] 1573 	jr	00105$
    0000081B                       1574 00103$:
                                   1575 ;C:/Users/franc/Documents/Projets/Perso/GameBoyProjects/CrossZGB/common/src/Scroll.c:352: SWITCH_ROM(__save);
    0000081B 3Ar1Dr02         [13] 1576 	ld	a, (_ScrollUpdateColumn___save_10001_330+0)
    0000081E 32 FE FF         [13] 1577 	ld	(_MAP_FRAME1+0), a
                                   1578 ;C:/Users/franc/Documents/Projets/Perso/GameBoyProjects/CrossZGB/common/src/Scroll.c:353: }
    00000821 DD F9            [10] 1579 	ld	sp, ix
    00000823 DD E1            [14] 1580 	pop	ix
    00000825 C9               [10] 1581 	ret
                                   1582 ;C:/Users/franc/Documents/Projets/Perso/GameBoyProjects/CrossZGB/common/src/Scroll.c:355: void RefreshScroll(void) {
                                   1583 ;	---------------------------------
                                   1584 ; Function RefreshScroll
                                   1585 ; ---------------------------------
    00000826                       1586 _RefreshScroll::
    00000826 DD E5            [15] 1587 	push	ix
    00000828 DD 21 00 00      [14] 1588 	ld	ix,#0
    0000082C DD 39            [15] 1589 	add	ix,sp
    0000082E F5               [11] 1590 	push	af
                                   1591 ;C:/Users/franc/Documents/Projets/Perso/GameBoyProjects/CrossZGB/common/src/Scroll.c:356: if (scroll_target) {
    0000082F 3Ar0Fr00         [13] 1592 	ld	a, (_scroll_target+1)
    00000832 21r0Er00         [10] 1593 	ld	hl, #_scroll_target
    00000835 B6               [ 7] 1594 	or	a, (hl)
    00000836 28 64            [12] 1595 	jr	Z, 00108$
                                   1596 ;C:/Users/franc/Documents/Projets/Perso/GameBoyProjects/CrossZGB/common/src/Scroll.c:357: UINT16 ny = scroll_y;
    00000838 ED 5Br08r00      [20] 1597 	ld	de, (_scroll_y)
                                   1598 ;C:/Users/franc/Documents/Projets/Perso/GameBoyProjects/CrossZGB/common/src/Scroll.c:359: if (scroll_bottom_movement_limit < (scroll_target->y - scroll_y)) ny = scroll_target->y - scroll_bottom_movement_limit;
    0000083C 2Ar0Er00         [16] 1599 	ld	hl, (_scroll_target)
    0000083F 23               [ 6] 1600 	inc	hl
    00000840 23               [ 6] 1601 	inc	hl
    00000841 4E               [ 7] 1602 	ld	c, (hl)
    00000842 23               [ 6] 1603 	inc	hl
    00000843 46               [ 7] 1604 	ld	b, (hl)
    00000844 2Ar08r00         [16] 1605 	ld	hl, (_scroll_y)
    00000847 79               [ 4] 1606 	ld	a, c
    00000848 95               [ 4] 1607 	sub	a, l
    00000849 DD 77 FE         [19] 1608 	ld	-2 (ix), a
    0000084C 78               [ 4] 1609 	ld	a, b
    0000084D 9C               [ 4] 1610 	sbc	a, h
    0000084E DD 77 FF         [19] 1611 	ld	-1 (ix), a
    00000851 3Ar01r00         [13] 1612 	ld	a, (_scroll_bottom_movement_limit)
    00000854 6F               [ 4] 1613 	ld	l, a
    00000855 26 00            [ 7] 1614 	ld	h, #0x00
    00000857 7D               [ 4] 1615 	ld	a, l
    00000858 DD 96 FE         [19] 1616 	sub	a, -2 (ix)
    0000085B 7C               [ 4] 1617 	ld	a, h
    0000085C DD 9E FF         [19] 1618 	sbc	a, -1 (ix)
    0000085F 30 0E            [12] 1619 	jr	NC, 00104$
    00000861 3Ar01r00         [13] 1620 	ld	a, (_scroll_bottom_movement_limit)
    00000864 5F               [ 4] 1621 	ld	e, a
    00000865 16 00            [ 7] 1622 	ld	d, #0x00
    00000867 79               [ 4] 1623 	ld	a, c
    00000868 93               [ 4] 1624 	sub	a, e
    00000869 5F               [ 4] 1625 	ld	e, a
    0000086A 78               [ 4] 1626 	ld	a, b
    0000086B 9A               [ 4] 1627 	sbc	a, d
    0000086C 57               [ 4] 1628 	ld	d, a
    0000086D 18 1C            [12] 1629 	jr	00105$
    0000086F                       1630 00104$:
                                   1631 ;C:/Users/franc/Documents/Projets/Perso/GameBoyProjects/CrossZGB/common/src/Scroll.c:360: else if (scroll_top_movement_limit > (scroll_target->y - scroll_y)) ny = scroll_target->y - scroll_top_movement_limit;
    0000086F 3Ar00r00         [13] 1632 	ld	a, (_scroll_top_movement_limit)
    00000872 6F               [ 4] 1633 	ld	l, a
    00000873 26 00            [ 7] 1634 	ld	h, #0x00
    00000875 DD 7E FE         [19] 1635 	ld	a, -2 (ix)
    00000878 95               [ 4] 1636 	sub	a, l
    00000879 DD 7E FF         [19] 1637 	ld	a, -1 (ix)
    0000087C 9C               [ 4] 1638 	sbc	a, h
    0000087D 30 0C            [12] 1639 	jr	NC, 00105$
    0000087F 3Ar00r00         [13] 1640 	ld	a, (_scroll_top_movement_limit)
    00000882 5F               [ 4] 1641 	ld	e, a
    00000883 16 00            [ 7] 1642 	ld	d, #0x00
    00000885 79               [ 4] 1643 	ld	a, c
    00000886 93               [ 4] 1644 	sub	a, e
    00000887 5F               [ 4] 1645 	ld	e, a
    00000888 78               [ 4] 1646 	ld	a, b
    00000889 9A               [ 4] 1647 	sbc	a, d
    0000088A 57               [ 4] 1648 	ld	d, a
    0000088B                       1649 00105$:
                                   1650 ;C:/Users/franc/Documents/Projets/Perso/GameBoyProjects/CrossZGB/common/src/Scroll.c:362: MoveScroll(scroll_target->x - (SCREEN_WIDTH >> 1), ny);
    0000088B 2Ar0Er00         [16] 1651 	ld	hl, (_scroll_target)
    0000088E 4E               [ 7] 1652 	ld	c, (hl)
    0000088F 23               [ 6] 1653 	inc	hl
    00000890 46               [ 7] 1654 	ld	b, (hl)
    00000891 79               [ 4] 1655 	ld	a, c
    00000892 C6 84            [ 7] 1656 	add	a, #0x84
    00000894 6F               [ 4] 1657 	ld	l, a
    00000895 78               [ 4] 1658 	ld	a, b
    00000896 CE FF            [ 7] 1659 	adc	a, #0xff
    00000898 67               [ 4] 1660 	ld	h, a
    00000899 CDrA1r08         [17] 1661 	call	_MoveScroll
    0000089C                       1662 00108$:
                                   1663 ;C:/Users/franc/Documents/Projets/Perso/GameBoyProjects/CrossZGB/common/src/Scroll.c:364: }
    0000089C DD F9            [10] 1664 	ld	sp, ix
    0000089E DD E1            [14] 1665 	pop	ix
    000008A0 C9               [10] 1666 	ret
                                   1667 ;C:/Users/franc/Documents/Projets/Perso/GameBoyProjects/CrossZGB/common/src/Scroll.c:366: void MoveScroll(INT16 x, INT16 y) {
                                   1668 ;	---------------------------------
                                   1669 ; Function MoveScroll
                                   1670 ; ---------------------------------
    000008A1                       1671 _MoveScroll::
                                   1672 ;C:/Users/franc/Documents/Projets/Perso/GameBoyProjects/CrossZGB/common/src/Scroll.c:370: __save = CURRENT_BANK;
    000008A1 3A FE FF         [13] 1673 	ld	a, (_MAP_FRAME1+0)
    000008A4 32r26r02         [13] 1674 	ld	(_MoveScroll___save_10000_341+0), a
                                   1675 ;C:/Users/franc/Documents/Projets/Perso/GameBoyProjects/CrossZGB/common/src/Scroll.c:371: SWITCH_ROM(scroll_bank);
    000008A7 3Ar08r02         [13] 1676 	ld	a, (_scroll_bank+0)
    000008AA 32 FE FF         [13] 1677 	ld	(_MAP_FRAME1+0), a
                                   1678 ;C:/Users/franc/Documents/Projets/Perso/GameBoyProjects/CrossZGB/common/src/Scroll.c:373: current_column = PX_TO_TILE(scroll_x);
    000008AD 3Ar06r00         [13] 1679 	ld	a, (_scroll_x+0)
    000008B0 32r1Er02         [13] 1680 	ld	(_MoveScroll_current_column_10000_341+0), a
    000008B3 3Ar07r00         [13] 1681 	ld	a, (_scroll_x+1)
    000008B6 32r1Fr02         [13] 1682 	ld	(_MoveScroll_current_column_10000_341+1), a
    000008B9 FD 21r1Er02      [14] 1683 	ld	iy, #_MoveScroll_current_column_10000_341
    000008BD FD CB 01 2E      [23] 1684 	sra	1 (iy)
    000008C1 FD CB 00 1E      [23] 1685 	rr	0 (iy)
    000008C5 FD CB 01 2E      [23] 1686 	sra	1 (iy)
    000008C9 FD CB 00 1E      [23] 1687 	rr	0 (iy)
    000008CD FD CB 01 2E      [23] 1688 	sra	1 (iy)
    000008D1 FD CB 00 1E      [23] 1689 	rr	0 (iy)
                                   1690 ;C:/Users/franc/Documents/Projets/Perso/GameBoyProjects/CrossZGB/common/src/Scroll.c:374: current_row    = PX_TO_TILE(scroll_y);
    000008D5 3Ar08r00         [13] 1691 	ld	a, (_scroll_y+0)
    000008D8 32r22r02         [13] 1692 	ld	(_MoveScroll_current_row_10000_341+0), a
    000008DB 3Ar09r00         [13] 1693 	ld	a, (_scroll_y+1)
    000008DE 32r23r02         [13] 1694 	ld	(_MoveScroll_current_row_10000_341+1), a
    000008E1 FD 21r22r02      [14] 1695 	ld	iy, #_MoveScroll_current_row_10000_341
    000008E5 FD CB 01 2E      [23] 1696 	sra	1 (iy)
    000008E9 FD CB 00 1E      [23] 1697 	rr	0 (iy)
    000008ED FD CB 01 2E      [23] 1698 	sra	1 (iy)
    000008F1 FD CB 00 1E      [23] 1699 	rr	0 (iy)
    000008F5 FD CB 01 2E      [23] 1700 	sra	1 (iy)
    000008F9 FD CB 00 1E      [23] 1701 	rr	0 (iy)
                                   1702 ;C:/Users/franc/Documents/Projets/Perso/GameBoyProjects/CrossZGB/common/src/Scroll.c:376: scroll_x = x;
    000008FD 22r06r00         [16] 1703 	ld	(_scroll_x), hl
                                   1704 ;C:/Users/franc/Documents/Projets/Perso/GameBoyProjects/CrossZGB/common/src/Scroll.c:377: scroll_y = y;
    00000900 ED 53r08r00      [20] 1705 	ld	(_scroll_y), de
                                   1706 ;C:/Users/franc/Documents/Projets/Perso/GameBoyProjects/CrossZGB/common/src/Scroll.c:378: ClampScrollLimits();
    00000904 CDr00r00         [17] 1707 	call	_ClampScrollLimits
                                   1708 ;C:/Users/franc/Documents/Projets/Perso/GameBoyProjects/CrossZGB/common/src/Scroll.c:380: new_column     = PX_TO_TILE(scroll_x);
    00000907 3Ar06r00         [13] 1709 	ld	a, (_scroll_x+0)
    0000090A 32r20r02         [13] 1710 	ld	(_MoveScroll_new_column_10000_341+0), a
    0000090D 3Ar07r00         [13] 1711 	ld	a, (_scroll_x+1)
    00000910 32r21r02         [13] 1712 	ld	(_MoveScroll_new_column_10000_341+1), a
    00000913 FD 21r20r02      [14] 1713 	ld	iy, #_MoveScroll_new_column_10000_341
    00000917 FD CB 01 2E      [23] 1714 	sra	1 (iy)
    0000091B FD CB 00 1E      [23] 1715 	rr	0 (iy)
    0000091F FD CB 01 2E      [23] 1716 	sra	1 (iy)
    00000923 FD CB 00 1E      [23] 1717 	rr	0 (iy)
    00000927 FD CB 01 2E      [23] 1718 	sra	1 (iy)
    0000092B FD CB 00 1E      [23] 1719 	rr	0 (iy)
                                   1720 ;C:/Users/franc/Documents/Projets/Perso/GameBoyProjects/CrossZGB/common/src/Scroll.c:381: new_row        = PX_TO_TILE(scroll_y);
    0000092F 3Ar08r00         [13] 1721 	ld	a, (_scroll_y+0)
    00000932 32r24r02         [13] 1722 	ld	(_MoveScroll_new_row_10000_341+0), a
    00000935 3Ar09r00         [13] 1723 	ld	a, (_scroll_y+1)
    00000938 32r25r02         [13] 1724 	ld	(_MoveScroll_new_row_10000_341+1), a
    0000093B FD 21r24r02      [14] 1725 	ld	iy, #_MoveScroll_new_row_10000_341
    0000093F FD CB 01 2E      [23] 1726 	sra	1 (iy)
    00000943 FD CB 00 1E      [23] 1727 	rr	0 (iy)
    00000947 FD CB 01 2E      [23] 1728 	sra	1 (iy)
    0000094B FD CB 00 1E      [23] 1729 	rr	0 (iy)
    0000094F FD CB 01 2E      [23] 1730 	sra	1 (iy)
    00000953 FD CB 00 1E      [23] 1731 	rr	0 (iy)
                                   1732 ;C:/Users/franc/Documents/Projets/Perso/GameBoyProjects/CrossZGB/common/src/Scroll.c:383: if (current_column != new_column) {
    00000957 3Ar1Er02         [13] 1733 	ld	a, (_MoveScroll_current_column_10000_341+0)
    0000095A FD 21r20r02      [14] 1734 	ld	iy, #_MoveScroll_new_column_10000_341
    0000095E FD 96 00         [19] 1735 	sub	a, 0 (iy)
    00000961 20 08            [12] 1736 	jr	NZ, 00168$
    00000963 3Ar1Fr02         [13] 1737 	ld	a, (_MoveScroll_current_column_10000_341+1)
    00000966 FD 96 01         [19] 1738 	sub	a, 1 (iy)
    00000969 28 2A            [12] 1739 	jr	Z, 00105$
    0000096B                       1740 00168$:
                                   1741 ;C:/Users/franc/Documents/Projets/Perso/GameBoyProjects/CrossZGB/common/src/Scroll.c:385: ScrollUpdateColumnWithDelay(new_column - SCREEN_PAD_LEFT + SCREEN_TILE_REFRES_W - 1, new_row - SCREEN_PAD_TOP);
    0000096B ED 5Br24r02      [20] 1742 	ld	de, (_MoveScroll_new_row_10000_341)
                                   1743 ;C:/Users/franc/Documents/Projets/Perso/GameBoyProjects/CrossZGB/common/src/Scroll.c:384: if (new_column > current_column) {
    0000096F 21r1Er02         [10] 1744 	ld	hl, #_MoveScroll_current_column_10000_341
    00000972 7E               [ 7] 1745 	ld	a, (hl)
    00000973 FD 96 00         [19] 1746 	sub	a, 0 (iy)
    00000976 23               [ 6] 1747 	inc	hl
    00000977 7E               [ 7] 1748 	ld	a, (hl)
    00000978 FD 9E 01         [19] 1749 	sbc	a, 1 (iy)
    0000097B E2r80r09         [10] 1750 	jp	PO, 00169$
    0000097E EE 80            [ 7] 1751 	xor	a, #0x80
    00000980                       1752 00169$:
    00000980 F2r8Fr09         [10] 1753 	jp	P, 00102$
                                   1754 ;C:/Users/franc/Documents/Projets/Perso/GameBoyProjects/CrossZGB/common/src/Scroll.c:385: ScrollUpdateColumnWithDelay(new_column - SCREEN_PAD_LEFT + SCREEN_TILE_REFRES_W - 1, new_row - SCREEN_PAD_TOP);
    00000983 2Ar20r02         [16] 1755 	ld	hl, (_MoveScroll_new_column_10000_341)
    00000986 01 1F 00         [10] 1756 	ld	bc, #0x001f
    00000989 09               [11] 1757 	add	hl, bc
    0000098A CDr1Cr07         [17] 1758 	call	_ScrollUpdateColumnWithDelay
    0000098D 18 06            [12] 1759 	jr	00105$
    0000098F                       1760 00102$:
                                   1761 ;C:/Users/franc/Documents/Projets/Perso/GameBoyProjects/CrossZGB/common/src/Scroll.c:387: ScrollUpdateColumnWithDelay(new_column - SCREEN_PAD_LEFT,                            new_row - SCREEN_PAD_TOP);
    0000098F 2Ar20r02         [16] 1762 	ld	hl, (_MoveScroll_new_column_10000_341)
    00000992 CDr1Cr07         [17] 1763 	call	_ScrollUpdateColumnWithDelay
    00000995                       1764 00105$:
                                   1765 ;C:/Users/franc/Documents/Projets/Perso/GameBoyProjects/CrossZGB/common/src/Scroll.c:391: if (current_row != new_row) {
    00000995 3Ar22r02         [13] 1766 	ld	a, (_MoveScroll_current_row_10000_341+0)
    00000998 FD 21r24r02      [14] 1767 	ld	iy, #_MoveScroll_new_row_10000_341
    0000099C FD 96 00         [19] 1768 	sub	a, 0 (iy)
    0000099F 20 08            [12] 1769 	jr	NZ, 00170$
    000009A1 3Ar23r02         [13] 1770 	ld	a, (_MoveScroll_current_row_10000_341+1)
    000009A4 FD 96 01         [19] 1771 	sub	a, 1 (iy)
    000009A7 28 37            [12] 1772 	jr	Z, 00112$
    000009A9                       1773 00170$:
                                   1774 ;C:/Users/franc/Documents/Projets/Perso/GameBoyProjects/CrossZGB/common/src/Scroll.c:387: ScrollUpdateColumnWithDelay(new_column - SCREEN_PAD_LEFT,                            new_row - SCREEN_PAD_TOP);
    000009A9 ED 4Br20r02      [20] 1775 	ld	bc, (_MoveScroll_new_column_10000_341)
                                   1776 ;C:/Users/franc/Documents/Projets/Perso/GameBoyProjects/CrossZGB/common/src/Scroll.c:392: if (new_row > current_row) {
    000009AD 21r22r02         [10] 1777 	ld	hl, #_MoveScroll_current_row_10000_341
    000009B0 7E               [ 7] 1778 	ld	a, (hl)
    000009B1 FD 96 00         [19] 1779 	sub	a, 0 (iy)
    000009B4 23               [ 6] 1780 	inc	hl
    000009B5 7E               [ 7] 1781 	ld	a, (hl)
    000009B6 FD 9E 01         [19] 1782 	sbc	a, 1 (iy)
    000009B9 E2rBEr09         [10] 1783 	jp	PO, 00171$
    000009BC EE 80            [ 7] 1784 	xor	a, #0x80
    000009BE                       1785 00171$:
    000009BE F2rD0r09         [10] 1786 	jp	P, 00109$
                                   1787 ;C:/Users/franc/Documents/Projets/Perso/GameBoyProjects/CrossZGB/common/src/Scroll.c:393: ScrollUpdateRowWithDelay(new_column - SCREEN_PAD_LEFT, new_row - SCREEN_PAD_TOP + SCREEN_TILE_REFRES_H - 1);
    000009C1 2Ar24r02         [16] 1788 	ld	hl, (_MoveScroll_new_row_10000_341)
    000009C4 11 19 00         [10] 1789 	ld	de, #0x0019
    000009C7 19               [11] 1790 	add	hl, de
    000009C8 EB               [ 4] 1791 	ex	de, hl
    000009C9 69               [ 4] 1792 	ld	l, c
    000009CA 60               [ 4] 1793 	ld	h, b
    000009CB CDrD3r05         [17] 1794 	call	_ScrollUpdateRowWithDelay
    000009CE 18 10            [12] 1795 	jr	00112$
    000009D0                       1796 00109$:
                                   1797 ;C:/Users/franc/Documents/Projets/Perso/GameBoyProjects/CrossZGB/common/src/Scroll.c:394: } else if (new_row >= SCREEN_PAD_TOP) {
    000009D0 3Ar25r02         [13] 1798 	ld	a, (_MoveScroll_new_row_10000_341+1)
    000009D3 CB 7F            [ 8] 1799 	bit	7, a
    000009D5 20 09            [12] 1800 	jr	NZ, 00112$
                                   1801 ;C:/Users/franc/Documents/Projets/Perso/GameBoyProjects/CrossZGB/common/src/Scroll.c:395: ScrollUpdateRowWithDelay(new_column - SCREEN_PAD_LEFT, new_row - SCREEN_PAD_TOP);
    000009D7 ED 5Br24r02      [20] 1802 	ld	de, (_MoveScroll_new_row_10000_341)
    000009DB 69               [ 4] 1803 	ld	l, c
    000009DC 60               [ 4] 1804 	ld	h, b
    000009DD CDrD3r05         [17] 1805 	call	_ScrollUpdateRowWithDelay
    000009E0                       1806 00112$:
                                   1807 ;C:/Users/franc/Documents/Projets/Perso/GameBoyProjects/CrossZGB/common/src/Scroll.c:399: if (pending_w_i) {
    000009E0 3Ar12r02         [13] 1808 	ld	a, (_pending_w_i+0)
    000009E3 B7               [ 4] 1809 	or	a, a
    000009E4 28 03            [12] 1810 	jr	Z, 00114$
                                   1811 ;C:/Users/franc/Documents/Projets/Perso/GameBoyProjects/CrossZGB/common/src/Scroll.c:400: ScrollUpdateRowR();
    000009E6 CDr73r05         [17] 1812 	call	_ScrollUpdateRowR
    000009E9                       1813 00114$:
                                   1814 ;C:/Users/franc/Documents/Projets/Perso/GameBoyProjects/CrossZGB/common/src/Scroll.c:402: if (pending_h_i) {
    000009E9 3Ar0Dr02         [13] 1815 	ld	a, (_pending_h_i+0)
    000009EC B7               [ 4] 1816 	or	a, a
    000009ED 28 03            [12] 1817 	jr	Z, 00116$
                                   1818 ;C:/Users/franc/Documents/Projets/Perso/GameBoyProjects/CrossZGB/common/src/Scroll.c:403: ScrollUpdateColumnR();
    000009EF CDrB6r06         [17] 1819 	call	_ScrollUpdateColumnR
    000009F2                       1820 00116$:
                                   1821 ;C:/Users/franc/Documents/Projets/Perso/GameBoyProjects/CrossZGB/common/src/Scroll.c:405: SWITCH_ROM(__save);
    000009F2 3Ar26r02         [13] 1822 	ld	a, (_MoveScroll___save_10000_341+0)
    000009F5 32 FE FF         [13] 1823 	ld	(_MAP_FRAME1+0), a
                                   1824 ;C:/Users/franc/Documents/Projets/Perso/GameBoyProjects/CrossZGB/common/src/Scroll.c:406: }
    000009F8 C9               [10] 1825 	ret
                                   1826 ;C:/Users/franc/Documents/Projets/Perso/GameBoyProjects/CrossZGB/common/src/Scroll.c:408: UINT8 GetScrollTile(UINT16 x, UINT16 y) {
                                   1827 ;	---------------------------------
                                   1828 ; Function GetScrollTile
                                   1829 ; ---------------------------------
    000009F9                       1830 _GetScrollTile::
    000009F9 DD E5            [15] 1831 	push	ix
    000009FB DD 21 00 00      [14] 1832 	ld	ix,#0
    000009FF DD 39            [15] 1833 	add	ix,sp
    00000A01 3B               [ 6] 1834 	dec	sp
                                   1835 ;C:/Users/franc/Documents/Projets/Perso/GameBoyProjects/CrossZGB/common/src/Scroll.c:410: UINT8 __save = CURRENT_BANK;
    00000A02 3A FE FF         [13] 1836 	ld	a, (_MAP_FRAME1+0)
    00000A05 DD 77 FF         [19] 1837 	ld	-1 (ix), a
                                   1838 ;C:/Users/franc/Documents/Projets/Perso/GameBoyProjects/CrossZGB/common/src/Scroll.c:411: SWITCH_ROM(scroll_bank);
    00000A08 3Ar08r02         [13] 1839 	ld	a, (_scroll_bank+0)
    00000A0B 32 FE FF         [13] 1840 	ld	(_MAP_FRAME1+0), a
                                   1841 ;C:/Users/franc/Documents/Projets/Perso/GameBoyProjects/CrossZGB/common/include/Scroll.h:154: return scroll_map + (scroll_tiles_w * y + x);
    00000A0E E5               [11] 1842 	push	hl
    00000A0F 2Ar04r00         [16] 1843 	ld	hl, (_scroll_tiles_w)
    00000A12 CDr00r00         [17] 1844 	call	__mulint
    00000A15 E1               [10] 1845 	pop	hl
    00000A16 19               [11] 1846 	add	hl, de
    00000A17 EB               [ 4] 1847 	ex	de, hl
    00000A18 2Ar02r00         [16] 1848 	ld	hl, (_scroll_map)
    00000A1B 19               [11] 1849 	add	hl, de
                                   1850 ;C:/Users/franc/Documents/Projets/Perso/GameBoyProjects/CrossZGB/common/src/Scroll.c:412: ret = *GetScrollTilePtr(x, y);
    00000A1C 4E               [ 7] 1851 	ld	c, (hl)
                                   1852 ;C:/Users/franc/Documents/Projets/Perso/GameBoyProjects/CrossZGB/common/src/Scroll.c:413: SWITCH_ROM(__save);
    00000A1D DD 7E FF         [19] 1853 	ld	a, -1 (ix)
    00000A20 32 FE FF         [13] 1854 	ld	(_MAP_FRAME1+0), a
                                   1855 ;C:/Users/franc/Documents/Projets/Perso/GameBoyProjects/CrossZGB/common/src/Scroll.c:414: return ret;
    00000A23 79               [ 4] 1856 	ld	a, c
                                   1857 ;C:/Users/franc/Documents/Projets/Perso/GameBoyProjects/CrossZGB/common/src/Scroll.c:415: }
    00000A24 33               [ 6] 1858 	inc	sp
    00000A25 DD E1            [14] 1859 	pop	ix
    00000A27 C9               [10] 1860 	ret
                                   1861 ;C:/Users/franc/Documents/Projets/Perso/GameBoyProjects/CrossZGB/common/src/Scroll.c:417: void GetMapSize(UINT8 map_bank, const struct MapInfo* map, UINT16* tiles_w, UINT16* tiles_h) {
                                   1862 ;	---------------------------------
                                   1863 ; Function GetMapSize
                                   1864 ; ---------------------------------
    00000A28                       1865 _GetMapSize::
    00000A28 DD E5            [15] 1866 	push	ix
    00000A2A DD 21 00 00      [14] 1867 	ld	ix,#0
    00000A2E DD 39            [15] 1868 	add	ix,sp
    00000A30 3B               [ 6] 1869 	dec	sp
                                   1870 ;C:/Users/franc/Documents/Projets/Perso/GameBoyProjects/CrossZGB/common/src/Scroll.c:418: UINT8 __save = CURRENT_BANK;
    00000A31 F5               [11] 1871 	push	af
    00000A32 3A FE FF         [13] 1872 	ld	a, (_MAP_FRAME1+0)
    00000A35 DD 77 FF         [19] 1873 	ld	-1 (ix), a
    00000A38 F1               [10] 1874 	pop	af
                                   1875 ;C:/Users/franc/Documents/Projets/Perso/GameBoyProjects/CrossZGB/common/src/Scroll.c:419: SWITCH_ROM(map_bank);
    00000A39 32 FE FF         [13] 1876 	ld	(_MAP_FRAME1+0), a
                                   1877 ;C:/Users/franc/Documents/Projets/Perso/GameBoyProjects/CrossZGB/common/src/Scroll.c:420: if (tiles_w) *tiles_w = map->width;
    00000A3C DD 7E 05         [19] 1878 	ld	a, 5 (ix)
    00000A3F DD B6 04         [19] 1879 	or	a, 4 (ix)
    00000A42 28 11            [12] 1880 	jr	Z, 00102$
    00000A44 DD 4E 04         [19] 1881 	ld	c, 4 (ix)
    00000A47 DD 46 05         [19] 1882 	ld	b, 5 (ix)
    00000A4A 6B               [ 4] 1883 	ld	l, e
    00000A4B 62               [ 4] 1884 	ld	h, d
    00000A4C 23               [ 6] 1885 	inc	hl
    00000A4D 23               [ 6] 1886 	inc	hl
    00000A4E 7E               [ 7] 1887 	ld	a, (hl)
    00000A4F 23               [ 6] 1888 	inc	hl
    00000A50 66               [ 7] 1889 	ld	h, (hl)
    00000A51 02               [ 7] 1890 	ld	(bc), a
    00000A52 03               [ 6] 1891 	inc	bc
    00000A53 7C               [ 4] 1892 	ld	a, h
    00000A54 02               [ 7] 1893 	ld	(bc), a
    00000A55                       1894 00102$:
                                   1895 ;C:/Users/franc/Documents/Projets/Perso/GameBoyProjects/CrossZGB/common/src/Scroll.c:421: if (tiles_h) *tiles_h = map->height;
    00000A55 DD 7E 07         [19] 1896 	ld	a, 7 (ix)
    00000A58 DD B6 06         [19] 1897 	or	a, 6 (ix)
    00000A5B 28 12            [12] 1898 	jr	Z, 00104$
    00000A5D DD 46 06         [19] 1899 	ld	b, 6 (ix)
    00000A60 DD 4E 07         [19] 1900 	ld	c, 7 (ix)
    00000A63 21 04 00         [10] 1901 	ld	hl, #4
    00000A66 19               [11] 1902 	add	hl, de
    00000A67 5E               [ 7] 1903 	ld	e, (hl)
    00000A68 23               [ 6] 1904 	inc	hl
    00000A69 56               [ 7] 1905 	ld	d, (hl)
    00000A6A 68               [ 4] 1906 	ld	l, b
    00000A6B 61               [ 4] 1907 	ld	h, c
    00000A6C 73               [ 7] 1908 	ld	(hl), e
    00000A6D 23               [ 6] 1909 	inc	hl
    00000A6E 72               [ 7] 1910 	ld	(hl), d
    00000A6F                       1911 00104$:
                                   1912 ;C:/Users/franc/Documents/Projets/Perso/GameBoyProjects/CrossZGB/common/src/Scroll.c:422: SWITCH_ROM(__save);
    00000A6F DD 7E FF         [19] 1913 	ld	a, -1 (ix)
    00000A72 32 FE FF         [13] 1914 	ld	(_MAP_FRAME1+0), a
                                   1915 ;C:/Users/franc/Documents/Projets/Perso/GameBoyProjects/CrossZGB/common/src/Scroll.c:423: }
    00000A75 33               [ 6] 1916 	inc	sp
    00000A76 DD E1            [14] 1917 	pop	ix
    00000A78 E1               [10] 1918 	pop	hl
    00000A79 F1               [10] 1919 	pop	af
    00000A7A F1               [10] 1920 	pop	af
    00000A7B E9               [ 4] 1921 	jp	(hl)
                                   1922 	.area _CODE
                                   1923 	.area _INITIALIZER
    00000000                       1924 __xinit__scroll_top_movement_limit:
    00000000 1E                    1925 	.db #0x1e	; 30
    00000001                       1926 __xinit__scroll_bottom_movement_limit:
    00000001 96                    1927 	.db #0x96	; 150
    00000002                       1928 __xinit__scroll_map:
    00000002 00 00                 1929 	.dw #0x0000
    00000004                       1930 __xinit__scroll_cmap:
    00000004 00 00                 1931 	.dw #0x0000
    00000006                       1932 __xinit__scroll_x:
    00000006 00 00                 1933 	.dw #0x0000
    00000008                       1934 __xinit__scroll_y:
    00000008 00 00                 1935 	.dw #0x0000
    0000000A                       1936 __xinit__scroll_x_vblank:
    0000000A 00 00                 1937 	.dw #0x0000
    0000000C                       1938 __xinit__scroll_y_vblank:
    0000000C 00 00                 1939 	.dw #0x0000
    0000000E                       1940 __xinit__scroll_target:
    0000000E 00 00                 1941 	.dw #0x0000
    00000010                       1942 __xinit__scroll_offset_x:
    00000010 00                    1943 	.db #0x00	; 0
    00000011                       1944 __xinit__scroll_offset_y:
    00000011 00                    1945 	.db #0x00	; 0
    00000012                       1946 __xinit__scroll_h_border:
    00000012 00 00                 1947 	.dw #0x0000
    00000014                       1948 __xinit__clamp_enabled:
    00000014 01                    1949 	.db #0x01	; 1
    00000015                       1950 __xinit__pending_h_map:
    00000015 00 00                 1951 	.dw #0x0000
    00000017                       1952 __xinit__pending_w_map:
    00000017 00 00                 1953 	.dw #0x0000
    00000019                       1954 __xinit__pending_h_cmap:
    00000019 00 00                 1955 	.dw #0x0000
    0000001B                       1956 __xinit__pending_w_cmap:
    0000001B 00 00                 1957 	.dw #0x0000
    0000001D                       1958 __xinit__last_tile_loaded:
    0000001D 00                    1959 	.db #0x00	; 0
                                   1960 	.area _CABS (ABS)
