                                      1 ;--------------------------------------------------------
                                      2 ; File Created by SDCC : free open source ISO C Compiler
                                      3 ; Version 4.5.1 #15267 (MINGW64)
                                      4 ;--------------------------------------------------------
                                      5 	.module Scroll
                                      6 	
                                      7 ;--------------------------------------------------------
                                      8 ; Public variables in this module
                                      9 ;--------------------------------------------------------
                                     10 	.globl _ScrollUpdateColumnWithDelay
                                     11 	.globl _ScrollUpdateColumnR
                                     12 	.globl _ScrollUpdateRowWithDelay
                                     13 	.globl _ScrollUpdateRowR
                                     14 	.globl _ClampScrollLimits
                                     15 	.globl _UPDATE_TILE
                                     16 	.globl _get_win_xy_addr
                                     17 	.globl _set_bkg_data
                                     18 	.globl _get_bkg_xy_addr
                                     19 	.globl _set_vram_byte
                                     20 	.globl _memset
                                     21 	.globl _last_tile_loaded
                                     22 	.globl _pending_w_map
                                     23 	.globl _pending_h_map
                                     24 	.globl _clamp_enabled
                                     25 	.globl _scroll_h_border
                                     26 	.globl _scroll_offset_y
                                     27 	.globl _scroll_offset_x
                                     28 	.globl _scroll_target
                                     29 	.globl _scroll_y_vblank
                                     30 	.globl _scroll_x_vblank
                                     31 	.globl _scroll_y
                                     32 	.globl _scroll_x
                                     33 	.globl _scroll_cmap
                                     34 	.globl _scroll_map
                                     35 	.globl _scroll_bottom_movement_limit
                                     36 	.globl _scroll_top_movement_limit
                                     37 	.globl _scroll_cptr
                                     38 	.globl _scroll_ptr
                                     39 	.globl _tiles_0
                                     40 	.globl _tiles_bank_0
                                     41 	.globl _hud_map_offset
                                     42 	.globl _pending_w_i
                                     43 	.globl _pending_w_y
                                     44 	.globl _pending_w_x
                                     45 	.globl _pending_h_i
                                     46 	.globl _pending_h_y
                                     47 	.globl _pending_h_x
                                     48 	.globl _scroll_bank
                                     49 	.globl _scroll_tile_info
                                     50 	.globl _scroll_collisions
                                     51 	.globl _scroll_tiles_h
                                     52 	.globl _scroll_tiles_w
                                     53 	.globl _scroll_h
                                     54 	.globl _scroll_w
                                     55 	.globl _ScrollSetTiles
                                     56 	.globl _UpdateMapTile
                                     57 	.globl _LoadMap
                                     58 	.globl _ScrollSetMap
                                     59 	.globl _ScrollInitTilesFromMap
                                     60 	.globl _ScrollCollisionsReset
                                     61 	.globl _ScrollInitCollisionGroup
                                     62 	.globl _ScrollInitCollisionGroupVector
                                     63 	.globl _ScrollRemoveCollisionGroupVector
                                     64 	.globl _ScrollInitCollisions
                                     65 	.globl _ScrollScreenRedraw
                                     66 	.globl _InitScroll
                                     67 	.globl _ScrollUpdateRow
                                     68 	.globl _ScrollUpdateColumn
                                     69 	.globl _RefreshScroll
                                     70 	.globl _MoveScroll
                                     71 	.globl _GetScrollTile
                                     72 	.globl _GetMapSize
                                     73 ;--------------------------------------------------------
                                     74 ; special function registers
                                     75 ;--------------------------------------------------------
                                     76 	.area _HRAM
                                     77 ;--------------------------------------------------------
                                     78 ; ram data
                                     79 ;--------------------------------------------------------
                                     80 	.area _DATA
    00000000                         81 _scroll_w::
    00000000                         82 	.ds 2
    00000002                         83 _scroll_h::
    00000002                         84 	.ds 2
    00000004                         85 _scroll_tiles_w::
    00000004                         86 	.ds 2
    00000006                         87 _scroll_tiles_h::
    00000006                         88 	.ds 2
    00000008                         89 _scroll_collisions::
    00000008                         90 	.ds 256
    00000108                         91 _scroll_tile_info::
    00000108                         92 	.ds 256
    00000208                         93 _scroll_bank::
    00000208                         94 	.ds 1
    00000209                         95 _pending_h_x::
    00000209                         96 	.ds 2
    0000020B                         97 _pending_h_y::
    0000020B                         98 	.ds 2
    0000020D                         99 _pending_h_i::
    0000020D                        100 	.ds 1
    0000020E                        101 _pending_w_x::
    0000020E                        102 	.ds 2
    00000210                        103 _pending_w_y::
    00000210                        104 	.ds 2
    00000212                        105 _pending_w_i::
    00000212                        106 	.ds 1
    00000213                        107 _hud_map_offset::
    00000213                        108 	.ds 2
    00000215                        109 _tiles_bank_0::
    00000215                        110 	.ds 1
    00000216                        111 _tiles_0::
    00000216                        112 	.ds 2
    00000218                        113 _scroll_ptr::
    00000218                        114 	.ds 2
    0000021A                        115 _scroll_cptr::
    0000021A                        116 	.ds 2
    0000021C                        117 _ScrollUpdateRow___save_10001_344:
    0000021C                        118 	.ds 1
    0000021D                        119 _ScrollUpdateColumn___save_10001_357:
    0000021D                        120 	.ds 1
    0000021E                        121 _MoveScroll_current_column_10000_367:
    0000021E                        122 	.ds 2
    00000220                        123 _MoveScroll_new_column_10000_367:
    00000220                        124 	.ds 2
    00000222                        125 _MoveScroll_current_row_10000_367:
    00000222                        126 	.ds 2
    00000224                        127 _MoveScroll_new_row_10000_367:
    00000224                        128 	.ds 2
    00000226                        129 _MoveScroll___save_10000_367:
    00000226                        130 	.ds 1
                                    131 ;--------------------------------------------------------
                                    132 ; ram data
                                    133 ;--------------------------------------------------------
                                    134 	.area _INITIALIZED
    00000000                        135 _scroll_top_movement_limit::
    00000000                        136 	.ds 1
    00000001                        137 _scroll_bottom_movement_limit::
    00000001                        138 	.ds 1
    00000002                        139 _scroll_map::
    00000002                        140 	.ds 2
    00000004                        141 _scroll_cmap::
    00000004                        142 	.ds 2
    00000006                        143 _scroll_x::
    00000006                        144 	.ds 2
    00000008                        145 _scroll_y::
    00000008                        146 	.ds 2
    0000000A                        147 _scroll_x_vblank::
    0000000A                        148 	.ds 2
    0000000C                        149 _scroll_y_vblank::
    0000000C                        150 	.ds 2
    0000000E                        151 _scroll_target::
    0000000E                        152 	.ds 2
    00000010                        153 _scroll_offset_x::
    00000010                        154 	.ds 1
    00000011                        155 _scroll_offset_y::
    00000011                        156 	.ds 1
    00000012                        157 _scroll_h_border::
    00000012                        158 	.ds 2
    00000014                        159 _clamp_enabled::
    00000014                        160 	.ds 1
    00000015                        161 _pending_h_map::
    00000015                        162 	.ds 2
    00000017                        163 _pending_w_map::
    00000017                        164 	.ds 2
    00000019                        165 _last_tile_loaded::
    00000019                        166 	.ds 1
                                    167 ;--------------------------------------------------------
                                    168 ; absolute external ram data
                                    169 ;--------------------------------------------------------
                                    170 	.area _DABS (ABS)
                                    171 ;--------------------------------------------------------
                                    172 ; global & static initialisations
                                    173 ;--------------------------------------------------------
                                    174 	.area _HOME
                                    175 	.area _GSINIT
                                    176 	.area _GSFINAL
                                    177 	.area _GSINIT
                                    178 ;--------------------------------------------------------
                                    179 ; Home
                                    180 ;--------------------------------------------------------
                                    181 	.area _HOME
                                    182 	.area _HOME
                                    183 ;--------------------------------------------------------
                                    184 ; code
                                    185 ;--------------------------------------------------------
                                    186 	.area _CODE
                                    187 ;C:/Users/franc/Documents/Projets/Perso/GameBoyProjects/CrossZGB/common/src/Scroll.c:65: UINT16 ScrollSetTiles(UINT8 first_tile, UINT8 tiles_bank, const struct TilesInfo* tiles) {
                                    188 ;	---------------------------------
                                    189 ; Function ScrollSetTiles
                                    190 ; ---------------------------------
    00000000                        191 _ScrollSetTiles::
    00000000 E8 F8            [16]  192 	add	sp, #-8
    00000002 F8 07            [12]  193 	ldhl	sp,	#7
    00000004 77               [ 8]  194 	ld	(hl), a
                                    195 ;C:/Users/franc/Documents/Projets/Perso/GameBoyProjects/CrossZGB/common/src/Scroll.c:70: UINT16 offset = first_tile;
    00000005 7E               [ 8]  196 	ld	a, (hl)
    00000006 F8 00            [12]  197 	ldhl	sp,	#0
    00000008 22               [ 8]  198 	ld	(hl+), a
    00000009 36 00            [12]  199 	ld	(hl), #0x00
                                    200 ;C:/Users/franc/Documents/Projets/Perso/GameBoyProjects/CrossZGB/common/src/Scroll.c:72: if(first_tile == 0) {
    0000000B F8 07            [12]  201 	ldhl	sp,	#7
    0000000D 7E               [ 8]  202 	ld	a, (hl)
    0000000E B7               [ 4]  203 	or	a, a
    0000000F 20 10            [12]  204 	jr	NZ, 00102$
                                    205 ;C:/Users/franc/Documents/Projets/Perso/GameBoyProjects/CrossZGB/common/src/Scroll.c:73: tiles_bank_0 = tiles_bank;
    00000011 21r15r02         [12]  206 	ld	hl, #_tiles_bank_0
    00000014 73               [ 8]  207 	ld	(hl), e
                                    208 ;C:/Users/franc/Documents/Projets/Perso/GameBoyProjects/CrossZGB/common/src/Scroll.c:74: tiles_0 = tiles;
    00000015 F8 0A            [12]  209 	ldhl	sp,	#10
    00000017 7E               [ 8]  210 	ld	a, (hl)
    00000018 EAr16r02         [16]  211 	ld	(#_tiles_0),a
    0000001B F8 0B            [12]  212 	ldhl	sp,	#11
    0000001D 7E               [ 8]  213 	ld	a, (hl)
    0000001E EAr17r02         [16]  214 	ld	(#_tiles_0 + 1),a
    00000021                        215 00102$:
                                    216 ;C:/Users/franc/Documents/Projets/Perso/GameBoyProjects/CrossZGB/common/src/Scroll.c:77: UINT8 __save = CURRENT_BANK;
    00000021 F0r00            [12]  217 	ldh	a, (__current_bank + 0)
    00000023 F8 02            [12]  218 	ldhl	sp,	#2
    00000025 77               [ 8]  219 	ld	(hl), a
                                    220 ;C:/Users/franc/Documents/Projets/Perso/GameBoyProjects/CrossZGB/common/src/Scroll.c:78: SWITCH_ROM(tiles_bank);
    00000026 7B               [ 4]  221 	ld	a, e
    00000027 E0r00            [12]  222 	ldh	(__current_bank + 0), a
    00000029 21r00r00         [12]  223 	ld	hl, #_rROMB0
    0000002C 73               [ 8]  224 	ld	(hl), e
                                    225 ;C:/Users/franc/Documents/Projets/Perso/GameBoyProjects/CrossZGB/common/src/Scroll.c:79: n_tiles = tiles->num_frames;
    0000002D F8 0A            [12]  226 	ldhl	sp,	#10
    0000002F 2A               [ 8]  227 	ld	a, (hl+)
    00000030 4F               [ 4]  228 	ld	c, a
    00000031 46               [ 8]  229 	ld	b, (hl)
    00000032 0A               [ 8]  230 	ld	a, (bc)
    00000033 F8 06            [12]  231 	ldhl	sp,	#6
    00000035 77               [ 8]  232 	ld	(hl), a
                                    233 ;C:/Users/franc/Documents/Projets/Perso/GameBoyProjects/CrossZGB/common/src/Scroll.c:80: palette_entries = tiles->color_data;
    00000036 21 06 00         [12]  234 	ld	hl, #0x0006
    00000039 09               [ 8]  235 	add	hl, bc
    0000003A 5D               [ 4]  236 	ld	e, l
    0000003B 54               [ 4]  237 	ld	d, h
    0000003C 1A               [ 8]  238 	ld	a, (de)
    0000003D F8 03            [12]  239 	ldhl	sp,	#3
    0000003F 22               [ 8]  240 	ld	(hl+), a
    00000040 13               [ 8]  241 	inc	de
    00000041 1A               [ 8]  242 	ld	a, (de)
    00000042 77               [ 8]  243 	ld	(hl), a
                                    244 ;C:/Users/franc/Documents/Projets/Perso/GameBoyProjects/CrossZGB/common/src/Scroll.c:85: set_bkg_data(first_tile, n_tiles, tiles->data);
    00000043 69               [ 4]  245 	ld	l, c
    00000044 60               [ 4]  246 	ld	h, b
    00000045 23               [ 8]  247 	inc	hl
    00000046 2A               [ 8]  248 	ld	a, (hl+)
    00000047 4F               [ 4]  249 	ld	c, a
    00000048 46               [ 8]  250 	ld	b, (hl)
    00000049 C5               [16]  251 	push	bc
    0000004A F8 08            [12]  252 	ldhl	sp,	#8
    0000004C 2A               [ 8]  253 	ld	a, (hl+)
    0000004D 57               [ 4]  254 	ld	d, a
    0000004E 5E               [ 8]  255 	ld	e, (hl)
    0000004F D5               [16]  256 	push	de
    00000050 CDr00r00         [24]  257 	call	_set_bkg_data
    00000053 E8 04            [16]  258 	add	sp, #4
                                    259 ;C:/Users/franc/Documents/Projets/Perso/GameBoyProjects/CrossZGB/common/src/Scroll.c:88: last_tile_loaded = first_tile + n_tiles;
    00000055 F8 07            [12]  260 	ldhl	sp,	#7
    00000057 3A               [ 8]  261 	ld	a, (hl-)
    00000058 86               [ 8]  262 	add	a, (hl)
    00000059 EAr19r00         [16]  263 	ld	(#_last_tile_loaded),a
                                    264 ;C:/Users/franc/Documents/Projets/Perso/GameBoyProjects/CrossZGB/common/src/Scroll.c:89: for(i = first_tile; i != last_tile_loaded; ++i) {
    0000005C F8 07            [12]  265 	ldhl	sp,	#7
    0000005E 4E               [ 8]  266 	ld	c, (hl)
    0000005F                        267 00105$:
    0000005F FAr19r00         [16]  268 	ld	a, (#_last_tile_loaded)
    00000062 91               [ 4]  269 	sub	a, c
    00000063 28 37            [12]  270 	jr	Z, 00103$
                                    271 ;C:/Users/franc/Documents/Projets/Perso/GameBoyProjects/CrossZGB/common/src/Scroll.c:90: scroll_tile_info[i] = palette_entries ? palette_entries[i - first_tile] : 0;
    00000065 11r08r01         [12]  272 	ld	de, #_scroll_tile_info
    00000068 69               [ 4]  273 	ld	l, c
    00000069 26 00            [ 8]  274 	ld	h, #0x00
    0000006B 19               [ 8]  275 	add	hl, de
    0000006C E5               [16]  276 	push	hl
    0000006D 7D               [ 4]  277 	ld	a, l
    0000006E F8 07            [12]  278 	ldhl	sp,	#7
    00000070 77               [ 8]  279 	ld	(hl), a
    00000071 E1               [12]  280 	pop	hl
    00000072 7C               [ 4]  281 	ld	a, h
    00000073 F8 06            [12]  282 	ldhl	sp,	#6
    00000075 32               [ 8]  283 	ld	(hl-), a
    00000076 2B               [ 8]  284 	dec	hl
    00000077 3A               [ 8]  285 	ld	a, (hl-)
    00000078 B6               [ 8]  286 	or	a, (hl)
    00000079 28 16            [12]  287 	jr	Z, 00109$
    0000007B 79               [ 4]  288 	ld	a, c
    0000007C F8 07            [12]  289 	ldhl	sp,	#7
    0000007E 5E               [ 8]  290 	ld	e, (hl)
    0000007F 16 00            [ 8]  291 	ld	d, #0x00
    00000081 93               [ 4]  292 	sub	a, e
    00000082 5F               [ 4]  293 	ld	e, a
    00000083 9F               [ 4]  294 	sbc	a, a
    00000084 92               [ 4]  295 	sub	a, d
    00000085 57               [ 4]  296 	ld	d, a
    00000086 F8 03            [12]  297 	ldhl	sp,	#3
    00000088 2A               [ 8]  298 	ld	a,	(hl+)
    00000089 66               [ 8]  299 	ld	h, (hl)
    0000008A 6F               [ 4]  300 	ld	l, a
    0000008B 19               [ 8]  301 	add	hl, de
    0000008C 5D               [ 4]  302 	ld	e, l
    0000008D 54               [ 4]  303 	ld	d, h
    0000008E 1A               [ 8]  304 	ld	a, (de)
    0000008F 18 01            [12]  305 	jr	00110$
    00000091                        306 00109$:
    00000091 AF               [ 4]  307 	xor	a, a
    00000092                        308 00110$:
    00000092 F8 05            [12]  309 	ldhl	sp,	#5
    00000094 5E               [ 8]  310 	ld	e, (hl)
    00000095 23               [ 8]  311 	inc	hl
    00000096 66               [ 8]  312 	ld	h, (hl)
    00000097 6B               [ 4]  313 	ld	l, e
    00000098 77               [ 8]  314 	ld	(hl), a
                                    315 ;C:/Users/franc/Documents/Projets/Perso/GameBoyProjects/CrossZGB/common/src/Scroll.c:89: for(i = first_tile; i != last_tile_loaded; ++i) {
    00000099 0C               [ 4]  316 	inc	c
    0000009A 18 C3            [12]  317 	jr	00105$
    0000009C                        318 00103$:
                                    319 ;C:/Users/franc/Documents/Projets/Perso/GameBoyProjects/CrossZGB/common/src/Scroll.c:110: SWITCH_ROM(__save);
    0000009C F8 02            [12]  320 	ldhl	sp,	#2
    0000009E 7E               [ 8]  321 	ld	a, (hl)
    0000009F E0r00            [12]  322 	ldh	(__current_bank + 0), a
    000000A1 7E               [ 8]  323 	ld	a, (hl)
    000000A2 EAr00r00         [16]  324 	ld	(#_rROMB0),a
                                    325 ;C:/Users/franc/Documents/Projets/Perso/GameBoyProjects/CrossZGB/common/src/Scroll.c:112: return offset;
    000000A5 C1               [12]  326 	pop	bc
    000000A6 C5               [16]  327 	push	bc
                                    328 ;C:/Users/franc/Documents/Projets/Perso/GameBoyProjects/CrossZGB/common/src/Scroll.c:113: }
    000000A7 E8 08            [16]  329 	add	sp, #8
    000000A9 E1               [12]  330 	pop	hl
    000000AA F1               [12]  331 	pop	af
    000000AB E9               [ 4]  332 	jp	(hl)
                                    333 ;C:/Users/franc/Documents/Projets/Perso/GameBoyProjects/CrossZGB/common/src/Scroll.c:115: void UpdateMapTile(UINT8 bg_or_win, UINT8 x, UINT8 y, UINT16 map_offset, UINT8 data, UINT8* attr) {
                                    334 ;	---------------------------------
                                    335 ; Function UpdateMapTile
                                    336 ; ---------------------------------
    000000AC                        337 _UpdateMapTile::
    000000AC 4B               [ 4]  338 	ld	c, e
                                    339 ;C:/Users/franc/Documents/Projets/Perso/GameBoyProjects/CrossZGB/common/src/Scroll.c:117: UINT8* addr = (bg_or_win == TARGET_BKG) ? get_bkg_xy_addr(x, y) : get_win_xy_addr(x, y);
    000000AD B7               [ 4]  340 	or	a, a
    000000AE 20 09            [12]  341 	jr	NZ, 00104$
    000000B0 F8 02            [12]  342 	ldhl	sp,	#2
    000000B2 5E               [ 8]  343 	ld	e, (hl)
    000000B3 79               [ 4]  344 	ld	a, c
    000000B4 CDr00r00         [24]  345 	call	_get_bkg_xy_addr
    000000B7 18 07            [12]  346 	jr	00105$
    000000B9                        347 00104$:
    000000B9 F8 02            [12]  348 	ldhl	sp,	#2
    000000BB 5E               [ 8]  349 	ld	e, (hl)
    000000BC 79               [ 4]  350 	ld	a, c
    000000BD CDr00r00         [24]  351 	call	_get_win_xy_addr
    000000C0                        352 00105$:
                                    353 ;C:/Users/franc/Documents/Projets/Perso/GameBoyProjects/CrossZGB/common/src/Scroll.c:122: ScrollSetAttrTileAddr(addr, (UINT8)map_offset + data, (attr) ? *attr : (UINT8)(map_offset >> 8) + scroll_tile_info[(UINT8)map_offset + data]);
    000000C0 F8 03            [12]  354 	ldhl	sp,	#3
    000000C2 2A               [ 8]  355 	ld	a, (hl+)
    000000C3 23               [ 8]  356 	inc	hl
    000000C4 86               [ 8]  357 	add	a, (hl)
                                    358 ;C:/Users/franc/Documents/Projets/Perso/GameBoyProjects/CrossZGB/common/include/Scroll.h:165: set_vram_byte(addr, t);
    000000C5 59               [ 4]  359 	ld	e, c
    000000C6 50               [ 4]  360 	ld	d, b
    000000C7 CDr00r00         [24]  361 	call	_set_vram_byte
                                    362 ;C:/Users/franc/Documents/Projets/Perso/GameBoyProjects/CrossZGB/common/src/Scroll.c:122: ScrollSetAttrTileAddr(addr, (UINT8)map_offset + data, (attr) ? *attr : (UINT8)(map_offset >> 8) + scroll_tile_info[(UINT8)map_offset + data]);
                                    363 ;C:/Users/franc/Documents/Projets/Perso/GameBoyProjects/CrossZGB/common/src/Scroll.c:123: }
    000000CA E1               [12]  364 	pop	hl
    000000CB E8 06            [16]  365 	add	sp, #6
    000000CD E9               [ 4]  366 	jp	(hl)
                                    367 ;C:/Users/franc/Documents/Projets/Perso/GameBoyProjects/CrossZGB/common/src/Scroll.c:125: UINT16 LoadMap(UINT8 bg_or_win, UINT8 x, UINT8 y, UINT8 map_bank, struct MapInfo* map) {
                                    368 ;	---------------------------------
                                    369 ; Function LoadMap
                                    370 ; ---------------------------------
    000000CE                        371 _LoadMap::
    000000CE E8 F1            [16]  372 	add	sp, #-15
    000000D0 F8 09            [12]  373 	ldhl	sp,	#9
    000000D2 32               [ 8]  374 	ld	(hl-), a
    000000D3 73               [ 8]  375 	ld	(hl), e
                                    376 ;C:/Users/franc/Documents/Projets/Perso/GameBoyProjects/CrossZGB/common/src/Scroll.c:130: UINT8 __save = CURRENT_BANK;
    000000D4 F0r00            [12]  377 	ldh	a, (__current_bank + 0)
    000000D6 F8 00            [12]  378 	ldhl	sp,	#0
    000000D8 77               [ 8]  379 	ld	(hl), a
                                    380 ;C:/Users/franc/Documents/Projets/Perso/GameBoyProjects/CrossZGB/common/src/Scroll.c:131: SWITCH_ROM(map_bank);
    000000D9 F8 12            [12]  381 	ldhl	sp,	#18
    000000DB 7E               [ 8]  382 	ld	a, (hl)
    000000DC E0r00            [12]  383 	ldh	(__current_bank + 0), a
    000000DE EAr00r00         [16]  384 	ld	(#_rROMB0),a
                                    385 ;C:/Users/franc/Documents/Projets/Perso/GameBoyProjects/CrossZGB/common/src/Scroll.c:135: UINT8 load_tiles = (tiles_bank_0 != map->tiles_bank) || (tiles_0 != map->tiles); // If the tile set is the same as the one used for the scroll or the bg (which is stored in tiles_bank_0 and tiles0) then do not load the tiles again
    000000E1 F8 13            [12]  386 	ldhl	sp,	#19
    000000E3 2A               [ 8]  387 	ld	a, (hl+)
    000000E4 4F               [ 4]  388 	ld	c, a
    000000E5 46               [ 8]  389 	ld	b, (hl)
    000000E6 21 08 00         [12]  390 	ld	hl, #0x0008
    000000E9 09               [ 8]  391 	add	hl, bc
    000000EA E5               [16]  392 	push	hl
    000000EB 7D               [ 4]  393 	ld	a, l
    000000EC F8 0D            [12]  394 	ldhl	sp,	#13
    000000EE 77               [ 8]  395 	ld	(hl), a
    000000EF E1               [12]  396 	pop	hl
    000000F0 7C               [ 4]  397 	ld	a, h
    000000F1 F8 0C            [12]  398 	ldhl	sp,	#12
    000000F3 32               [ 8]  399 	ld	(hl-), a
    000000F4 2A               [ 8]  400 	ld	a, (hl+)
    000000F5 5F               [ 4]  401 	ld	e, a
    000000F6 3A               [ 8]  402 	ld	a, (hl-)
    000000F7 2B               [ 8]  403 	dec	hl
    000000F8 57               [ 4]  404 	ld	d, a
    000000F9 1A               [ 8]  405 	ld	a, (de)
    000000FA 77               [ 8]  406 	ld	(hl), a
    000000FB 21 09 00         [12]  407 	ld	hl, #0x0009
    000000FE 09               [ 8]  408 	add	hl, bc
    000000FF E5               [16]  409 	push	hl
    00000100 7D               [ 4]  410 	ld	a, l
    00000101 F8 0F            [12]  411 	ldhl	sp,	#15
    00000103 77               [ 8]  412 	ld	(hl), a
    00000104 E1               [12]  413 	pop	hl
    00000105 7C               [ 4]  414 	ld	a, h
    00000106 F8 0E            [12]  415 	ldhl	sp,	#14
    00000108 77               [ 8]  416 	ld	(hl), a
    00000109 FAr15r02         [16]  417 	ld	a, (#_tiles_bank_0)
    0000010C F8 0A            [12]  418 	ldhl	sp,	#10
    0000010E 96               [ 8]  419 	sub	a, (hl)
    0000010F 20 1F            [12]  420 	jr	NZ, 00122$
    00000111 F8 0D            [12]  421 	ldhl	sp,#13
    00000113 2A               [ 8]  422 	ld	a, (hl+)
    00000114 5F               [ 4]  423 	ld	e, a
    00000115 56               [ 8]  424 	ld	d, (hl)
    00000116 1A               [ 8]  425 	ld	a, (de)
    00000117 F8 06            [12]  426 	ldhl	sp,	#6
    00000119 22               [ 8]  427 	ld	(hl+), a
    0000011A 13               [ 8]  428 	inc	de
    0000011B 1A               [ 8]  429 	ld	a, (de)
    0000011C 77               [ 8]  430 	ld	(hl), a
    0000011D FAr16r02         [16]  431 	ld	a, (#_tiles_0)
    00000120 F8 06            [12]  432 	ldhl	sp,	#6
    00000122 96               [ 8]  433 	sub	a, (hl)
    00000123 20 0B            [12]  434 	jr	NZ, 00122$
    00000125 FAr17r02         [16]  435 	ld	a, (#_tiles_0 + 1)
    00000128 F8 07            [12]  436 	ldhl	sp,	#7
    0000012A 96               [ 8]  437 	sub	a, (hl)
    0000012B 20 03            [12]  438 	jr	NZ, 00122$
    0000012D AF               [ 4]  439 	xor	a, a
    0000012E 18 02            [12]  440 	jr	00123$
    00000130                        441 00122$:
    00000130 3E 01            [ 8]  442 	ld	a, #0x01
    00000132                        443 00123$:
                                    444 ;C:/Users/franc/Documents/Projets/Perso/GameBoyProjects/CrossZGB/common/src/Scroll.c:136: if (load_tiles) {
    00000132 B7               [ 4]  445 	or	a, a
    00000133 28 64            [12]  446 	jr	Z, 00107$
                                    447 ;C:/Users/franc/Documents/Projets/Perso/GameBoyProjects/CrossZGB/common/src/Scroll.c:137: if (map->extra_tiles) {
    00000135 21 0C 00         [12]  448 	ld	hl, #0x000c
    00000138 09               [ 8]  449 	add	hl, bc
    00000139 2A               [ 8]  450 	ld	a,	(hl+)
    0000013A 66               [ 8]  451 	ld	h, (hl)
    0000013B 6F               [ 4]  452 	ld	l, a
    0000013C B4               [ 4]  453 	or	a, h
    0000013D 28 3D            [12]  454 	jr	Z, 00104$
                                    455 ;C:/Users/franc/Documents/Projets/Perso/GameBoyProjects/CrossZGB/common/src/Scroll.c:138: map_offset = ScrollSetTiles(last_tile_loaded, map->extra_tiles_bank, map->extra_tiles);
    0000013F 79               [ 4]  456 	ld	a, c
    00000140 C6 0B            [ 8]  457 	add	a, #0x0b
    00000142 5F               [ 4]  458 	ld	e, a
    00000143 78               [ 4]  459 	ld	a, b
    00000144 CE 00            [ 8]  460 	adc	a, #0x00
    00000146 57               [ 4]  461 	ld	d, a
    00000147 1A               [ 8]  462 	ld	a, (de)
    00000148 C5               [16]  463 	push	bc
    00000149 E5               [16]  464 	push	hl
    0000014A 5F               [ 4]  465 	ld	e, a
    0000014B FAr19r00         [16]  466 	ld	a, (_last_tile_loaded)
    0000014E CDr00r00         [24]  467 	call	_ScrollSetTiles
    00000151 F8 03            [12]  468 	ldhl	sp,	#3
    00000153 79               [ 4]  469 	ld	a, c
    00000154 22               [ 8]  470 	ld	(hl+), a
    00000155 70               [ 8]  471 	ld	(hl), b
    00000156 C1               [12]  472 	pop	bc
                                    473 ;C:/Users/franc/Documents/Projets/Perso/GameBoyProjects/CrossZGB/common/src/Scroll.c:139: if (map->tiles) ScrollSetTiles(last_tile_loaded, map->tiles_bank, map->tiles);
    00000157 F8 0D            [12]  474 	ldhl	sp,#13
    00000159 2A               [ 8]  475 	ld	a, (hl+)
    0000015A 5F               [ 4]  476 	ld	e, a
    0000015B 3A               [ 8]  477 	ld	a, (hl-)
    0000015C 57               [ 4]  478 	ld	d, a
    0000015D 1A               [ 8]  479 	ld	a, (de)
    0000015E 22               [ 8]  480 	ld	(hl+), a
    0000015F 13               [ 8]  481 	inc	de
    00000160 1A               [ 8]  482 	ld	a, (de)
    00000161 77               [ 8]  483 	ld	(hl), a
    00000162 3A               [ 8]  484 	ld	a, (hl-)
    00000163 B6               [ 8]  485 	or	a, (hl)
    00000164 28 38            [12]  486 	jr	Z, 00108$
    00000166 2B               [ 8]  487 	dec	hl
    00000167 2B               [ 8]  488 	dec	hl
    00000168 2A               [ 8]  489 	ld	a, (hl+)
    00000169 5F               [ 4]  490 	ld	e, a
    0000016A 2A               [ 8]  491 	ld	a, (hl+)
    0000016B 57               [ 4]  492 	ld	d, a
    0000016C 1A               [ 8]  493 	ld	a, (de)
    0000016D C5               [16]  494 	push	bc
    0000016E 5E               [ 8]  495 	ld	e, (hl)
    0000016F 23               [ 8]  496 	inc	hl
    00000170 56               [ 8]  497 	ld	d, (hl)
    00000171 D5               [16]  498 	push	de
    00000172 5F               [ 4]  499 	ld	e, a
    00000173 FAr19r00         [16]  500 	ld	a, (_last_tile_loaded)
    00000176 CDr00r00         [24]  501 	call	_ScrollSetTiles
    00000179 C1               [12]  502 	pop	bc
    0000017A 18 22            [12]  503 	jr	00108$
    0000017C                        504 00104$:
                                    505 ;C:/Users/franc/Documents/Projets/Perso/GameBoyProjects/CrossZGB/common/src/Scroll.c:141: map_offset = ScrollSetTiles(last_tile_loaded, map->tiles_bank, map->tiles);
    0000017C F8 0D            [12]  506 	ldhl	sp,#13
    0000017E 2A               [ 8]  507 	ld	a, (hl+)
    0000017F 5F               [ 4]  508 	ld	e, a
    00000180 56               [ 8]  509 	ld	d, (hl)
    00000181 1A               [ 8]  510 	ld	a, (de)
    00000182 6F               [ 4]  511 	ld	l, a
    00000183 13               [ 8]  512 	inc	de
    00000184 1A               [ 8]  513 	ld	a, (de)
    00000185 67               [ 4]  514 	ld	h, a
    00000186 C5               [16]  515 	push	bc
    00000187 E5               [16]  516 	push	hl
    00000188 F8 0E            [12]  517 	ldhl	sp,	#14
    0000018A 5E               [ 8]  518 	ld	e, (hl)
    0000018B FAr19r00         [16]  519 	ld	a, (_last_tile_loaded)
    0000018E CDr00r00         [24]  520 	call	_ScrollSetTiles
    00000191 F8 03            [12]  521 	ldhl	sp,	#3
    00000193 79               [ 4]  522 	ld	a, c
    00000194 22               [ 8]  523 	ld	(hl+), a
    00000195 70               [ 8]  524 	ld	(hl), b
    00000196 C1               [12]  525 	pop	bc
    00000197 18 05            [12]  526 	jr	00108$
    00000199                        527 00107$:
                                    528 ;C:/Users/franc/Documents/Projets/Perso/GameBoyProjects/CrossZGB/common/src/Scroll.c:144: map_offset = 0;
    00000199 AF               [ 4]  529 	xor	a, a
    0000019A F8 01            [12]  530 	ldhl	sp,	#1
    0000019C 22               [ 8]  531 	ld	(hl+), a
    0000019D 77               [ 8]  532 	ld	(hl), a
    0000019E                        533 00108$:
                                    534 ;C:/Users/franc/Documents/Projets/Perso/GameBoyProjects/CrossZGB/common/src/Scroll.c:148: UINT8* data = map->data;
    0000019E 59               [ 4]  535 	ld	e, c
    0000019F 50               [ 4]  536 	ld	d, b
    000001A0 1A               [ 8]  537 	ld	a, (de)
    000001A1 F8 0D            [12]  538 	ldhl	sp,	#13
    000001A3 22               [ 8]  539 	ld	(hl+), a
    000001A4 13               [ 8]  540 	inc	de
    000001A5 1A               [ 8]  541 	ld	a, (de)
    000001A6 77               [ 8]  542 	ld	(hl), a
                                    543 ;C:/Users/franc/Documents/Projets/Perso/GameBoyProjects/CrossZGB/common/src/Scroll.c:149: UINT8* attrs = map->attributes;
    000001A7 21 06 00         [12]  544 	ld	hl, #0x0006
    000001AA 09               [ 8]  545 	add	hl, bc
    000001AB 5D               [ 4]  546 	ld	e, l
    000001AC 54               [ 4]  547 	ld	d, h
    000001AD 1A               [ 8]  548 	ld	a, (de)
    000001AE F8 0B            [12]  549 	ldhl	sp,	#11
    000001B0 22               [ 8]  550 	ld	(hl+), a
    000001B1 13               [ 8]  551 	inc	de
    000001B2 1A               [ 8]  552 	ld	a, (de)
    000001B3 77               [ 8]  553 	ld	(hl), a
                                    554 ;C:/Users/franc/Documents/Projets/Perso/GameBoyProjects/CrossZGB/common/src/Scroll.c:150: for (UINT8 j = 0; j < map->height; ++j) {
    000001B4 21 02 00         [12]  555 	ld	hl, #0x0002
    000001B7 09               [ 8]  556 	add	hl, bc
    000001B8 E5               [16]  557 	push	hl
    000001B9 7D               [ 4]  558 	ld	a, l
    000001BA F8 05            [12]  559 	ldhl	sp,	#5
    000001BC 77               [ 8]  560 	ld	(hl), a
    000001BD E1               [12]  561 	pop	hl
    000001BE 7C               [ 4]  562 	ld	a, h
    000001BF F8 04            [12]  563 	ldhl	sp,	#4
    000001C1 77               [ 8]  564 	ld	(hl), a
    000001C2 21 04 00         [12]  565 	ld	hl, #0x0004
    000001C5 09               [ 8]  566 	add	hl, bc
    000001C6 E5               [16]  567 	push	hl
    000001C7 7D               [ 4]  568 	ld	a, l
    000001C8 F8 07            [12]  569 	ldhl	sp,	#7
    000001CA 77               [ 8]  570 	ld	(hl), a
    000001CB E1               [12]  571 	pop	hl
    000001CC 7C               [ 4]  572 	ld	a, h
    000001CD F8 06            [12]  573 	ldhl	sp,	#6
    000001CF 77               [ 8]  574 	ld	(hl), a
    000001D0 F8 0A            [12]  575 	ldhl	sp,	#10
    000001D2 36 00            [12]  576 	ld	(hl), #0x00
    000001D4                        577 00117$:
    000001D4 F8 05            [12]  578 	ldhl	sp,#5
    000001D6 2A               [ 8]  579 	ld	a, (hl+)
    000001D7 5F               [ 4]  580 	ld	e, a
    000001D8 56               [ 8]  581 	ld	d, (hl)
    000001D9 1A               [ 8]  582 	ld	a, (de)
    000001DA 4F               [ 4]  583 	ld	c, a
    000001DB 13               [ 8]  584 	inc	de
    000001DC 1A               [ 8]  585 	ld	a, (de)
    000001DD 47               [ 4]  586 	ld	b, a
    000001DE F8 0A            [12]  587 	ldhl	sp,	#10
    000001E0 5E               [ 8]  588 	ld	e, (hl)
    000001E1 16 00            [ 8]  589 	ld	d, #0x00
    000001E3 7B               [ 4]  590 	ld	a, e
    000001E4 91               [ 4]  591 	sub	a, c
    000001E5 7A               [ 4]  592 	ld	a, d
    000001E6 98               [ 4]  593 	sbc	a, b
    000001E7 30 5F            [12]  594 	jr	NC, 00112$
                                    595 ;C:/Users/franc/Documents/Projets/Perso/GameBoyProjects/CrossZGB/common/src/Scroll.c:151: for (UINT8 i = 0; i < map->width; ++i) {
    000001E9 F8 11            [12]  596 	ldhl	sp,	#17
    000001EB 7E               [ 8]  597 	ld	a, (hl)
    000001EC F8 0A            [12]  598 	ldhl	sp,	#10
    000001EE 86               [ 8]  599 	add	a, (hl)
    000001EF F8 07            [12]  600 	ldhl	sp,	#7
    000001F1 77               [ 8]  601 	ld	(hl), a
    000001F2 0E 00            [ 8]  602 	ld	c, #0x00
    000001F4                        603 00114$:
    000001F4 F8 03            [12]  604 	ldhl	sp,#3
    000001F6 2A               [ 8]  605 	ld	a, (hl+)
    000001F7 5F               [ 4]  606 	ld	e, a
    000001F8 56               [ 8]  607 	ld	d, (hl)
    000001F9 1A               [ 8]  608 	ld	a, (de)
    000001FA 47               [ 4]  609 	ld	b, a
    000001FB 13               [ 8]  610 	inc	de
    000001FC 1A               [ 8]  611 	ld	a, (de)
    000001FD 6F               [ 4]  612 	ld	l, a
    000001FE 59               [ 4]  613 	ld	e, c
    000001FF 16 00            [ 8]  614 	ld	d, #0x00
    00000201 7B               [ 4]  615 	ld	a, e
    00000202 90               [ 4]  616 	sub	a, b
    00000203 7A               [ 4]  617 	ld	a, d
    00000204 9D               [ 4]  618 	sbc	a, l
    00000205 30 3C            [12]  619 	jr	NC, 00134$
                                    620 ;C:/Users/franc/Documents/Projets/Perso/GameBoyProjects/CrossZGB/common/src/Scroll.c:152: UpdateMapTile(bg_or_win, x + i, y + j, map_offset, *data, attrs);
    00000207 F8 0D            [12]  621 	ldhl	sp,#13
    00000209 2A               [ 8]  622 	ld	a, (hl+)
    0000020A 5F               [ 4]  623 	ld	e, a
    0000020B 56               [ 8]  624 	ld	d, (hl)
    0000020C 1A               [ 8]  625 	ld	a, (de)
    0000020D 47               [ 4]  626 	ld	b, a
    0000020E F8 08            [12]  627 	ldhl	sp,	#8
    00000210 7E               [ 8]  628 	ld	a, (hl)
    00000211 81               [ 4]  629 	add	a, c
    00000212 C5               [16]  630 	push	bc
    00000213 F8 0D            [12]  631 	ldhl	sp,	#13
    00000215 5E               [ 8]  632 	ld	e, (hl)
    00000216 23               [ 8]  633 	inc	hl
    00000217 56               [ 8]  634 	ld	d, (hl)
    00000218 D5               [16]  635 	push	de
    00000219 C5               [16]  636 	push	bc
    0000021A 33               [ 8]  637 	inc	sp
    0000021B F8 06            [12]  638 	ldhl	sp,	#6
    0000021D 5E               [ 8]  639 	ld	e, (hl)
    0000021E 23               [ 8]  640 	inc	hl
    0000021F 56               [ 8]  641 	ld	d, (hl)
    00000220 D5               [16]  642 	push	de
    00000221 F8 0E            [12]  643 	ldhl	sp,	#14
    00000223 66               [ 8]  644 	ld	h, (hl)
    00000224 E5               [16]  645 	push	hl
    00000225 33               [ 8]  646 	inc	sp
    00000226 5F               [ 4]  647 	ld	e, a
    00000227 F8 11            [12]  648 	ldhl	sp,	#17
    00000229 7E               [ 8]  649 	ld	a, (hl)
    0000022A CDrACr00         [24]  650 	call	_UpdateMapTile
    0000022D C1               [12]  651 	pop	bc
                                    652 ;C:/Users/franc/Documents/Projets/Perso/GameBoyProjects/CrossZGB/common/src/Scroll.c:154: ++data;
    0000022E F8 0D            [12]  653 	ldhl	sp,	#13
    00000230 34               [12]  654 	inc	(hl)
    00000231 20 02            [12]  655 	jr	NZ, 00200$
    00000233 23               [ 8]  656 	inc	hl
    00000234 34               [12]  657 	inc	(hl)
    00000235                        658 00200$:
                                    659 ;C:/Users/franc/Documents/Projets/Perso/GameBoyProjects/CrossZGB/common/src/Scroll.c:155: if (attrs)
    00000235 F8 0C            [12]  660 	ldhl	sp,	#12
    00000237 3A               [ 8]  661 	ld	a, (hl-)
    00000238 B6               [ 8]  662 	or	a, (hl)
    00000239 28 05            [12]  663 	jr	Z, 00115$
                                    664 ;C:/Users/franc/Documents/Projets/Perso/GameBoyProjects/CrossZGB/common/src/Scroll.c:156: ++attrs;
    0000023B 34               [12]  665 	inc	(hl)
    0000023C 20 02            [12]  666 	jr	NZ, 00201$
    0000023E 23               [ 8]  667 	inc	hl
    0000023F 34               [12]  668 	inc	(hl)
    00000240                        669 00201$:
    00000240                        670 00115$:
                                    671 ;C:/Users/franc/Documents/Projets/Perso/GameBoyProjects/CrossZGB/common/src/Scroll.c:151: for (UINT8 i = 0; i < map->width; ++i) {
    00000240 0C               [ 4]  672 	inc	c
    00000241 18 B1            [12]  673 	jr	00114$
    00000243                        674 00134$:
                                    675 ;C:/Users/franc/Documents/Projets/Perso/GameBoyProjects/CrossZGB/common/src/Scroll.c:150: for (UINT8 j = 0; j < map->height; ++j) {
    00000243 F8 0A            [12]  676 	ldhl	sp,	#10
    00000245 34               [12]  677 	inc	(hl)
    00000246 18 8C            [12]  678 	jr	00117$
    00000248                        679 00112$:
                                    680 ;C:/Users/franc/Documents/Projets/Perso/GameBoyProjects/CrossZGB/common/src/Scroll.c:160: SWITCH_ROM(__save);
    00000248 F8 00            [12]  681 	ldhl	sp,	#0
    0000024A 7E               [ 8]  682 	ld	a, (hl)
    0000024B E0r00            [12]  683 	ldh	(__current_bank + 0), a
    0000024D 7E               [ 8]  684 	ld	a, (hl)
    0000024E EAr00r00         [16]  685 	ld	(#_rROMB0),a
                                    686 ;C:/Users/franc/Documents/Projets/Perso/GameBoyProjects/CrossZGB/common/src/Scroll.c:163: return map_offset;
    00000251 F8 01            [12]  687 	ldhl	sp,	#1
    00000253 4E               [ 8]  688 	ld	c, (hl)
    00000254 23               [ 8]  689 	inc	hl
    00000255 46               [ 8]  690 	ld	b, (hl)
                                    691 ;C:/Users/franc/Documents/Projets/Perso/GameBoyProjects/CrossZGB/common/src/Scroll.c:164: }
    00000256 E8 0F            [16]  692 	add	sp, #15
    00000258 E1               [12]  693 	pop	hl
    00000259 E8 04            [16]  694 	add	sp, #4
    0000025B E9               [ 4]  695 	jp	(hl)
                                    696 ;C:/Users/franc/Documents/Projets/Perso/GameBoyProjects/CrossZGB/common/src/Scroll.c:168: void ScrollSetMap(UINT8 map_bank, const struct MapInfo* map) {
                                    697 ;	---------------------------------
                                    698 ; Function ScrollSetMap
                                    699 ; ---------------------------------
    0000025C                        700 _ScrollSetMap::
    0000025C 3B               [ 8]  701 	dec	sp
    0000025D 3B               [ 8]  702 	dec	sp
    0000025E F8 01            [12]  703 	ldhl	sp,	#1
                                    704 ;C:/Users/franc/Documents/Projets/Perso/GameBoyProjects/CrossZGB/common/src/Scroll.c:169: UINT8 __save = CURRENT_BANK;
    00000260 32               [ 8]  705 	ld	(hl-), a
    00000261 4B               [ 4]  706 	ld	c, e
    00000262 42               [ 4]  707 	ld	b, d
    00000263 F0r00            [12]  708 	ldh	a, (__current_bank + 0)
                                    709 ;C:/Users/franc/Documents/Projets/Perso/GameBoyProjects/CrossZGB/common/src/Scroll.c:170: SWITCH_ROM(map_bank);
    00000265 22               [ 8]  710 	ld	(hl+), a
    00000266 7E               [ 8]  711 	ld	a, (hl)
    00000267 E0r00            [12]  712 	ldh	(__current_bank + 0), a
    00000269 7E               [ 8]  713 	ld	a, (hl)
    0000026A EAr00r00         [16]  714 	ld	(#_rROMB0),a
                                    715 ;C:/Users/franc/Documents/Projets/Perso/GameBoyProjects/CrossZGB/common/src/Scroll.c:171: scroll_tiles_w = map->width;
    0000026D 69               [ 4]  716 	ld	l, c
    0000026E 60               [ 4]  717 	ld	h, b
    0000026F 23               [ 8]  718 	inc	hl
    00000270 23               [ 8]  719 	inc	hl
    00000271 5D               [ 4]  720 	ld	e, l
    00000272 54               [ 4]  721 	ld	d, h
    00000273 1A               [ 8]  722 	ld	a, (de)
    00000274 21r04r00         [12]  723 	ld	hl, #_scroll_tiles_w
    00000277 22               [ 8]  724 	ld	(hl+), a
    00000278 13               [ 8]  725 	inc	de
    00000279 1A               [ 8]  726 	ld	a, (de)
    0000027A 77               [ 8]  727 	ld	(hl), a
                                    728 ;C:/Users/franc/Documents/Projets/Perso/GameBoyProjects/CrossZGB/common/src/Scroll.c:172: scroll_tiles_h = map->height;
    0000027B 21 04 00         [12]  729 	ld	hl, #0x0004
    0000027E 09               [ 8]  730 	add	hl, bc
    0000027F 5D               [ 4]  731 	ld	e, l
    00000280 54               [ 4]  732 	ld	d, h
    00000281 1A               [ 8]  733 	ld	a, (de)
    00000282 21r06r00         [12]  734 	ld	hl, #_scroll_tiles_h
    00000285 22               [ 8]  735 	ld	(hl+), a
    00000286 13               [ 8]  736 	inc	de
    00000287 1A               [ 8]  737 	ld	a, (de)
    00000288 77               [ 8]  738 	ld	(hl), a
                                    739 ;C:/Users/franc/Documents/Projets/Perso/GameBoyProjects/CrossZGB/common/src/Scroll.c:173: scroll_map = map->data;
    00000289 59               [ 4]  740 	ld	e, c
    0000028A 50               [ 4]  741 	ld	d, b
    0000028B 1A               [ 8]  742 	ld	a, (de)
    0000028C 21r02r00         [12]  743 	ld	hl, #_scroll_map
    0000028F 22               [ 8]  744 	ld	(hl+), a
    00000290 13               [ 8]  745 	inc	de
    00000291 1A               [ 8]  746 	ld	a, (de)
    00000292 77               [ 8]  747 	ld	(hl), a
                                    748 ;C:/Users/franc/Documents/Projets/Perso/GameBoyProjects/CrossZGB/common/src/Scroll.c:174: scroll_cmap = map->attributes;
    00000293 21 06 00         [12]  749 	ld	hl, #0x0006
    00000296 09               [ 8]  750 	add	hl, bc
    00000297 5D               [ 4]  751 	ld	e, l
    00000298 54               [ 4]  752 	ld	d, h
    00000299 1A               [ 8]  753 	ld	a, (de)
    0000029A 21r04r00         [12]  754 	ld	hl, #_scroll_cmap
    0000029D 22               [ 8]  755 	ld	(hl+), a
    0000029E 13               [ 8]  756 	inc	de
    0000029F 1A               [ 8]  757 	ld	a, (de)
    000002A0 77               [ 8]  758 	ld	(hl), a
                                    759 ;C:/Users/franc/Documents/Projets/Perso/GameBoyProjects/CrossZGB/common/src/Scroll.c:175: scroll_x = 0;
    000002A1 AF               [ 4]  760 	xor	a, a
    000002A2 21r06r00         [12]  761 	ld	hl, #_scroll_x
    000002A5 22               [ 8]  762 	ld	(hl+), a
    000002A6 77               [ 8]  763 	ld	(hl), a
                                    764 ;C:/Users/franc/Documents/Projets/Perso/GameBoyProjects/CrossZGB/common/src/Scroll.c:176: scroll_y = 0;
    000002A7 AF               [ 4]  765 	xor	a, a
    000002A8 21r08r00         [12]  766 	ld	hl, #_scroll_y
    000002AB 22               [ 8]  767 	ld	(hl+), a
    000002AC 77               [ 8]  768 	ld	(hl), a
                                    769 ;C:/Users/franc/Documents/Projets/Perso/GameBoyProjects/CrossZGB/common/src/Scroll.c:177: scroll_w = TILE_TO_PX(scroll_tiles_w);
    000002AD FAr04r00         [16]  770 	ld	a, (#_scroll_tiles_w)
    000002B0 EAr00r00         [16]  771 	ld	(#_scroll_w),a
    000002B3 FAr05r00         [16]  772 	ld	a, (#_scroll_tiles_w + 1)
    000002B6 EAr01r00         [16]  773 	ld	(#_scroll_w + 1),a
    000002B9 3E 03            [ 8]  774 	ld	a, #0x03
    000002BB                        775 00112$:
    000002BB 21r00r00         [12]  776 	ld	hl, #_scroll_w
    000002BE CB 26            [16]  777 	sla	(hl)
    000002C0 23               [ 8]  778 	inc	hl
    000002C1 CB 16            [16]  779 	rl	(hl)
    000002C3 3D               [ 4]  780 	dec	a
    000002C4 20 F5            [12]  781 	jr	NZ, 00112$
                                    782 ;C:/Users/franc/Documents/Projets/Perso/GameBoyProjects/CrossZGB/common/src/Scroll.c:178: scroll_h = TILE_TO_PX(scroll_tiles_h);
    000002C6 FAr06r00         [16]  783 	ld	a, (#_scroll_tiles_h)
    000002C9 EAr02r00         [16]  784 	ld	(#_scroll_h),a
    000002CC FAr07r00         [16]  785 	ld	a, (#_scroll_tiles_h + 1)
    000002CF EAr03r00         [16]  786 	ld	(#_scroll_h + 1),a
    000002D2 3E 03            [ 8]  787 	ld	a, #0x03
    000002D4                        788 00113$:
    000002D4 21r02r00         [12]  789 	ld	hl, #_scroll_h
    000002D7 CB 26            [16]  790 	sla	(hl)
    000002D9 23               [ 8]  791 	inc	hl
    000002DA CB 16            [16]  792 	rl	(hl)
    000002DC 3D               [ 4]  793 	dec	a
    000002DD 20 F5            [12]  794 	jr	NZ, 00113$
                                    795 ;C:/Users/franc/Documents/Projets/Perso/GameBoyProjects/CrossZGB/common/src/Scroll.c:179: scroll_bank = map_bank;
    000002DF F8 01            [12]  796 	ldhl	sp,	#1
    000002E1 7E               [ 8]  797 	ld	a, (hl)
    000002E2 EAr08r02         [16]  798 	ld	(#_scroll_bank),a
                                    799 ;C:/Users/franc/Documents/Projets/Perso/GameBoyProjects/CrossZGB/common/src/Scroll.c:180: if (scroll_target) {
    000002E5 21r0Fr00         [12]  800 	ld	hl, #_scroll_target + 1
    000002E8 3A               [ 8]  801 	ld	a, (hl-)
    000002E9 B6               [ 8]  802 	or	a, (hl)
    000002EA 28 30            [12]  803 	jr	Z, 00102$
                                    804 ;C:/Users/franc/Documents/Projets/Perso/GameBoyProjects/CrossZGB/common/src/Scroll.c:181: scroll_x = scroll_target->x - (SCREEN_WIDTH >> 1);
    000002EC 2A               [ 8]  805 	ld	a,	(hl+)
    000002ED 66               [ 8]  806 	ld	h, (hl)
    000002EE 6F               [ 4]  807 	ld	l, a
    000002EF 2A               [ 8]  808 	ld	a, (hl+)
    000002F0 4F               [ 4]  809 	ld	c, a
    000002F1 46               [ 8]  810 	ld	b, (hl)
    000002F2 79               [ 4]  811 	ld	a, c
    000002F3 C6 B0            [ 8]  812 	add	a, #0xb0
    000002F5 21r06r00         [12]  813 	ld	hl, #_scroll_x
    000002F8 22               [ 8]  814 	ld	(hl+), a
    000002F9 78               [ 4]  815 	ld	a, b
    000002FA CE FF            [ 8]  816 	adc	a, #0xff
    000002FC 77               [ 8]  817 	ld	(hl), a
                                    818 ;C:/Users/franc/Documents/Projets/Perso/GameBoyProjects/CrossZGB/common/src/Scroll.c:182: scroll_y = scroll_target->y - scroll_bottom_movement_limit; //Move the camera to its bottom limit
    000002FD FAr0Er00         [16]  819 	ld	a, (_scroll_target)
    00000300 21r0Fr00         [12]  820 	ld	hl, #_scroll_target + 1
    00000303 66               [ 8]  821 	ld	h, (hl)
    00000304 6F               [ 4]  822 	ld	l, a
    00000305 23               [ 8]  823 	inc	hl
    00000306 23               [ 8]  824 	inc	hl
    00000307 2A               [ 8]  825 	ld	a, (hl+)
    00000308 4F               [ 4]  826 	ld	c, a
    00000309 46               [ 8]  827 	ld	b, (hl)
    0000030A FAr01r00         [16]  828 	ld	a, (_scroll_bottom_movement_limit)
    0000030D 5F               [ 4]  829 	ld	e, a
    0000030E 16 00            [ 8]  830 	ld	d, #0x00
    00000310 79               [ 4]  831 	ld	a, c
    00000311 93               [ 4]  832 	sub	a, e
    00000312 21r08r00         [12]  833 	ld	hl, #_scroll_y
    00000315 22               [ 8]  834 	ld	(hl+), a
    00000316 78               [ 4]  835 	ld	a, b
    00000317 9A               [ 4]  836 	sbc	a, d
    00000318 77               [ 8]  837 	ld	(hl), a
                                    838 ;C:/Users/franc/Documents/Projets/Perso/GameBoyProjects/CrossZGB/common/src/Scroll.c:183: ClampScrollLimits();
    00000319 CDr00r00         [24]  839 	call	_ClampScrollLimits
    0000031C                        840 00102$:
                                    841 ;C:/Users/franc/Documents/Projets/Perso/GameBoyProjects/CrossZGB/common/src/Scroll.c:185: pending_h_i = 0;
                                    842 ;C:/Users/franc/Documents/Projets/Perso/GameBoyProjects/CrossZGB/common/src/Scroll.c:186: pending_w_i = 0;
    0000031C AF               [ 4]  843 	xor	a, a
    0000031D EAr0Dr02         [16]  844 	ld	(#_pending_h_i), a
    00000320 EAr12r02         [16]  845 	ld	(#_pending_w_i),a
                                    846 ;C:/Users/franc/Documents/Projets/Perso/GameBoyProjects/CrossZGB/common/src/Scroll.c:187: SWITCH_ROM(__save);
    00000323 F8 00            [12]  847 	ldhl	sp,	#0
    00000325 7E               [ 8]  848 	ld	a, (hl)
    00000326 E0r00            [12]  849 	ldh	(__current_bank + 0), a
    00000328 7E               [ 8]  850 	ld	a, (hl)
    00000329 EAr00r00         [16]  851 	ld	(#_rROMB0),a
                                    852 ;C:/Users/franc/Documents/Projets/Perso/GameBoyProjects/CrossZGB/common/src/Scroll.c:188: }
    0000032C 33               [ 8]  853 	inc	sp
    0000032D 33               [ 8]  854 	inc	sp
    0000032E C9               [16]  855 	ret
                                    856 ;C:/Users/franc/Documents/Projets/Perso/GameBoyProjects/CrossZGB/common/src/Scroll.c:190: void ScrollInitTilesFromMap(UINT8 first_tile, UINT8 map_bank, const struct MapInfo* map) {
                                    857 ;	---------------------------------
                                    858 ; Function ScrollInitTilesFromMap
                                    859 ; ---------------------------------
    0000032F                        860 _ScrollInitTilesFromMap::
    0000032F 3B               [ 8]  861 	dec	sp
    00000330 EAr19r00         [16]  862 	ld	(#_last_tile_loaded),a
                                    863 ;C:/Users/franc/Documents/Projets/Perso/GameBoyProjects/CrossZGB/common/src/Scroll.c:192: UINT8 __save = CURRENT_BANK;
    00000333 F0r00            [12]  864 	ldh	a, (__current_bank + 0)
    00000335 F8 00            [12]  865 	ldhl	sp,	#0
    00000337 77               [ 8]  866 	ld	(hl), a
                                    867 ;C:/Users/franc/Documents/Projets/Perso/GameBoyProjects/CrossZGB/common/src/Scroll.c:193: SWITCH_ROM(map_bank);
    00000338 7B               [ 4]  868 	ld	a, e
    00000339 E0r00            [12]  869 	ldh	(__current_bank + 0), a
    0000033B 21r00r00         [12]  870 	ld	hl, #_rROMB0
    0000033E 73               [ 8]  871 	ld	(hl), e
                                    872 ;C:/Users/franc/Documents/Projets/Perso/GameBoyProjects/CrossZGB/common/src/Scroll.c:194: if (map->tiles) ScrollSetTiles(0, map->tiles_bank, map->tiles);
    0000033F F8 03            [12]  873 	ldhl	sp,	#3
    00000341 2A               [ 8]  874 	ld	a, (hl+)
    00000342 4F               [ 4]  875 	ld	c, a
    00000343 46               [ 8]  876 	ld	b, (hl)
    00000344 21 09 00         [12]  877 	ld	hl, #0x0009
    00000347 09               [ 8]  878 	add	hl, bc
    00000348 2A               [ 8]  879 	ld	a,	(hl+)
    00000349 66               [ 8]  880 	ld	h, (hl)
    0000034A 6F               [ 4]  881 	ld	l, a
    0000034B B4               [ 4]  882 	or	a, h
    0000034C 28 11            [12]  883 	jr	Z, 00102$
    0000034E 79               [ 4]  884 	ld	a, c
    0000034F C6 08            [ 8]  885 	add	a, #0x08
    00000351 5F               [ 4]  886 	ld	e, a
    00000352 78               [ 4]  887 	ld	a, b
    00000353 CE 00            [ 8]  888 	adc	a, #0x00
    00000355 57               [ 4]  889 	ld	d, a
    00000356 1A               [ 8]  890 	ld	a, (de)
    00000357 C5               [16]  891 	push	bc
    00000358 E5               [16]  892 	push	hl
    00000359 5F               [ 4]  893 	ld	e, a
    0000035A AF               [ 4]  894 	xor	a, a
    0000035B CDr00r00         [24]  895 	call	_ScrollSetTiles
    0000035E C1               [12]  896 	pop	bc
    0000035F                        897 00102$:
                                    898 ;C:/Users/franc/Documents/Projets/Perso/GameBoyProjects/CrossZGB/common/src/Scroll.c:195: if (map->extra_tiles) ScrollSetTiles(last_tile_loaded, map->extra_tiles_bank, map->extra_tiles);
    0000035F 21 0C 00         [12]  899 	ld	hl, #0x000c
    00000362 09               [ 8]  900 	add	hl, bc
    00000363 2A               [ 8]  901 	ld	a,	(hl+)
    00000364 66               [ 8]  902 	ld	h, (hl)
    00000365 6F               [ 4]  903 	ld	l, a
    00000366 B4               [ 4]  904 	or	a, h
    00000367 28 10            [12]  905 	jr	Z, 00104$
    00000369 79               [ 4]  906 	ld	a, c
    0000036A C6 0B            [ 8]  907 	add	a, #0x0b
    0000036C 4F               [ 4]  908 	ld	c, a
    0000036D 30 01            [12]  909 	jr	NC, 00121$
    0000036F 04               [ 4]  910 	inc	b
    00000370                        911 00121$:
    00000370 0A               [ 8]  912 	ld	a, (bc)
    00000371 E5               [16]  913 	push	hl
    00000372 5F               [ 4]  914 	ld	e, a
    00000373 FAr19r00         [16]  915 	ld	a, (_last_tile_loaded)
    00000376 CDr00r00         [24]  916 	call	_ScrollSetTiles
    00000379                        917 00104$:
                                    918 ;C:/Users/franc/Documents/Projets/Perso/GameBoyProjects/CrossZGB/common/src/Scroll.c:196: SWITCH_ROM(__save);
    00000379 F8 00            [12]  919 	ldhl	sp,	#0
    0000037B 7E               [ 8]  920 	ld	a, (hl)
    0000037C E0r00            [12]  921 	ldh	(__current_bank + 0), a
    0000037E 7E               [ 8]  922 	ld	a, (hl)
    0000037F EAr00r00         [16]  923 	ld	(#_rROMB0),a
                                    924 ;C:/Users/franc/Documents/Projets/Perso/GameBoyProjects/CrossZGB/common/src/Scroll.c:197: }
    00000382 33               [ 8]  925 	inc	sp
    00000383 E1               [12]  926 	pop	hl
    00000384 F1               [12]  927 	pop	af
    00000385 E9               [ 4]  928 	jp	(hl)
                                    929 ;C:/Users/franc/Documents/Projets/Perso/GameBoyProjects/CrossZGB/common/src/Scroll.c:200: void ScrollCollisionsReset(void) {
                                    930 ;	---------------------------------
                                    931 ; Function ScrollCollisionsReset
                                    932 ; ---------------------------------
    00000386                        933 _ScrollCollisionsReset::
                                    934 ;C:/Users/franc/Documents/Projets/Perso/GameBoyProjects/CrossZGB/common/src/Scroll.c:201: memset(scroll_collisions, 0, sizeof(scroll_collisions));
    00000386 AF               [ 4]  935 	xor	a, a
    00000387 3C               [ 4]  936 	inc	a
    00000388 F5               [16]  937 	push	af
    00000389 11 00 00         [12]  938 	ld	de, #0x0000
    0000038C D5               [16]  939 	push	de
    0000038D 11r08r00         [12]  940 	ld	de, #_scroll_collisions
    00000390 D5               [16]  941 	push	de
    00000391 CDr00r00         [24]  942 	call	_memset
    00000394 E8 06            [16]  943 	add	sp, #6
                                    944 ;C:/Users/franc/Documents/Projets/Perso/GameBoyProjects/CrossZGB/common/src/Scroll.c:202: }
    00000396 C9               [16]  945 	ret
                                    946 ;C:/Users/franc/Documents/Projets/Perso/GameBoyProjects/CrossZGB/common/src/Scroll.c:204: void ScrollInitCollisionGroup(UINT8 group, const UINT8* coll_list) {
                                    947 ;	---------------------------------
                                    948 ; Function ScrollInitCollisionGroup
                                    949 ; ---------------------------------
    00000397                        950 _ScrollInitCollisionGroup::
    00000397 4F               [ 4]  951 	ld	c, a
                                    952 ;C:/Users/franc/Documents/Projets/Perso/GameBoyProjects/CrossZGB/common/src/Scroll.c:205: for (const UINT8 * ptr = coll_list; (*ptr); ptr++) 
    00000398                        953 00103$:
    00000398 1A               [ 8]  954 	ld	a, (de)
    00000399 B7               [ 4]  955 	or	a, a
    0000039A C8               [20]  956 	ret	Z
                                    957 ;C:/Users/franc/Documents/Projets/Perso/GameBoyProjects/CrossZGB/common/src/Scroll.c:206: scroll_collisions[*ptr] |= group;
    0000039B C6r08            [ 8]  958 	add	a, #<(_scroll_collisions)
    0000039D 6F               [ 4]  959 	ld	l, a
    0000039E 3E 00            [ 8]  960 	ld	a, #0x00
    000003A0 CEs00            [ 8]  961 	adc	a, #>(_scroll_collisions)
    000003A2 67               [ 4]  962 	ld	h, a
    000003A3 7E               [ 8]  963 	ld	a, (hl)
    000003A4 B1               [ 4]  964 	or	a, c
    000003A5 77               [ 8]  965 	ld	(hl), a
                                    966 ;C:/Users/franc/Documents/Projets/Perso/GameBoyProjects/CrossZGB/common/src/Scroll.c:205: for (const UINT8 * ptr = coll_list; (*ptr); ptr++) 
    000003A6 13               [ 8]  967 	inc	de
                                    968 ;C:/Users/franc/Documents/Projets/Perso/GameBoyProjects/CrossZGB/common/src/Scroll.c:207: }
    000003A7 18 EF            [12]  969 	jr	00103$
                                    970 ;C:/Users/franc/Documents/Projets/Perso/GameBoyProjects/CrossZGB/common/src/Scroll.c:209: void ScrollInitCollisionGroupVector(UINT8 group, const UINT8* coll_vector) {
                                    971 ;	---------------------------------
                                    972 ; Function ScrollInitCollisionGroupVector
                                    973 ; ---------------------------------
    000003A9                        974 _ScrollInitCollisionGroupVector::
    000003A9 4F               [ 4]  975 	ld	c, a
                                    976 ;C:/Users/franc/Documents/Projets/Perso/GameBoyProjects/CrossZGB/common/src/Scroll.c:210: for (UINT8 idx = *coll_vector++; (idx); --idx) scroll_collisions[*coll_vector++] |= group;
    000003AA 1A               [ 8]  977 	ld	a, (de)
    000003AB 47               [ 4]  978 	ld	b, a
    000003AC 13               [ 8]  979 	inc	de
    000003AD                        980 00103$:
    000003AD 78               [ 4]  981 	ld	a, b
    000003AE B7               [ 4]  982 	or	a, a
    000003AF C8               [20]  983 	ret	Z
    000003B0 1A               [ 8]  984 	ld	a, (de)
    000003B1 13               [ 8]  985 	inc	de
    000003B2 C6r08            [ 8]  986 	add	a, #<(_scroll_collisions)
    000003B4 6F               [ 4]  987 	ld	l, a
    000003B5 3E 00            [ 8]  988 	ld	a, #0x00
    000003B7 CEs00            [ 8]  989 	adc	a, #>(_scroll_collisions)
    000003B9 67               [ 4]  990 	ld	h, a
    000003BA 7E               [ 8]  991 	ld	a, (hl)
    000003BB B1               [ 4]  992 	or	a, c
    000003BC 77               [ 8]  993 	ld	(hl), a
    000003BD 05               [ 4]  994 	dec	b
                                    995 ;C:/Users/franc/Documents/Projets/Perso/GameBoyProjects/CrossZGB/common/src/Scroll.c:211: }
    000003BE 18 ED            [12]  996 	jr	00103$
                                    997 ;C:/Users/franc/Documents/Projets/Perso/GameBoyProjects/CrossZGB/common/src/Scroll.c:213: void ScrollRemoveCollisionGroupVector(UINT8 group, const UINT8* coll_vector) {
                                    998 ;	---------------------------------
                                    999 ; Function ScrollRemoveCollisionGroupVector
                                   1000 ; ---------------------------------
    000003C0                       1001 _ScrollRemoveCollisionGroupVector::
    000003C0 47               [ 4] 1002 	ld	b, a
                                   1003 ;C:/Users/franc/Documents/Projets/Perso/GameBoyProjects/CrossZGB/common/src/Scroll.c:214: for (UINT8 idx = *coll_vector++; (idx); --idx) scroll_collisions[*coll_vector++] &= ~group;
    000003C1 1A               [ 8] 1004 	ld	a, (de)
    000003C2 4F               [ 4] 1005 	ld	c, a
    000003C3 13               [ 8] 1006 	inc	de
    000003C4 78               [ 4] 1007 	ld	a, b
    000003C5 2F               [ 4] 1008 	cpl
    000003C6 47               [ 4] 1009 	ld	b, a
    000003C7                       1010 00103$:
    000003C7 79               [ 4] 1011 	ld	a, c
    000003C8 B7               [ 4] 1012 	or	a, a
    000003C9 C8               [20] 1013 	ret	Z
    000003CA 1A               [ 8] 1014 	ld	a, (de)
    000003CB 13               [ 8] 1015 	inc	de
    000003CC C6r08            [ 8] 1016 	add	a, #<(_scroll_collisions)
    000003CE 6F               [ 4] 1017 	ld	l, a
    000003CF 3E 00            [ 8] 1018 	ld	a, #0x00
    000003D1 CEs00            [ 8] 1019 	adc	a, #>(_scroll_collisions)
    000003D3 67               [ 4] 1020 	ld	h, a
    000003D4 7E               [ 8] 1021 	ld	a, (hl)
    000003D5 A0               [ 4] 1022 	and	a, b
    000003D6 77               [ 8] 1023 	ld	(hl), a
    000003D7 0D               [ 4] 1024 	dec	c
                                   1025 ;C:/Users/franc/Documents/Projets/Perso/GameBoyProjects/CrossZGB/common/src/Scroll.c:215: }
    000003D8 18 ED            [12] 1026 	jr	00103$
                                   1027 ;C:/Users/franc/Documents/Projets/Perso/GameBoyProjects/CrossZGB/common/src/Scroll.c:217: void ScrollInitCollisions(const UINT8* coll_list, const UINT8* coll_list_down) {
                                   1028 ;	---------------------------------
                                   1029 ; Function ScrollInitCollisions
                                   1030 ; ---------------------------------
    000003DA                       1031 _ScrollInitCollisions::
                                   1032 ;C:/Users/franc/Documents/Projets/Perso/GameBoyProjects/CrossZGB/common/src/Scroll.c:218: ScrollCollisionsReset();
    000003DA C5               [16] 1033 	push	bc
    000003DB D5               [16] 1034 	push	de
    000003DC CDr86r03         [24] 1035 	call	_ScrollCollisionsReset
    000003DF D1               [12] 1036 	pop	de
    000003E0 C1               [12] 1037 	pop	bc
                                   1038 ;C:/Users/franc/Documents/Projets/Perso/GameBoyProjects/CrossZGB/common/src/Scroll.c:219: if (coll_list) {
    000003E1 7A               [ 4] 1039 	ld	a, d
    000003E2 B3               [ 4] 1040 	or	a, e
    000003E3 28 07            [12] 1041 	jr	Z, 00102$
                                   1042 ;C:/Users/franc/Documents/Projets/Perso/GameBoyProjects/CrossZGB/common/src/Scroll.c:220: ScrollInitCollisionGroup((COLL_GROUP_DEFAULT | COLL_GROUP_DOWN), coll_list);
    000003E5 C5               [16] 1043 	push	bc
    000003E6 3E 81            [ 8] 1044 	ld	a, #0x81
    000003E8 CDr97r03         [24] 1045 	call	_ScrollInitCollisionGroup
    000003EB C1               [12] 1046 	pop	bc
    000003EC                       1047 00102$:
                                   1048 ;C:/Users/franc/Documents/Projets/Perso/GameBoyProjects/CrossZGB/common/src/Scroll.c:222: if (coll_list_down) {
    000003EC 78               [ 4] 1049 	ld	a, b
    000003ED B1               [ 4] 1050 	or	a, c
    000003EE C8               [20] 1051 	ret	Z
                                   1052 ;C:/Users/franc/Documents/Projets/Perso/GameBoyProjects/CrossZGB/common/src/Scroll.c:223: ScrollInitCollisionGroup(COLL_GROUP_DOWN, coll_list_down);
    000003EF 59               [ 4] 1053 	ld	e, c
    000003F0 50               [ 4] 1054 	ld	d, b
    000003F1 3E 80            [ 8] 1055 	ld	a, #0x80
                                   1056 ;C:/Users/franc/Documents/Projets/Perso/GameBoyProjects/CrossZGB/common/src/Scroll.c:225: }
    000003F3 C3r97r03         [16] 1057 	jp	_ScrollInitCollisionGroup
                                   1058 ;C:/Users/franc/Documents/Projets/Perso/GameBoyProjects/CrossZGB/common/src/Scroll.c:227: void ScrollScreenRedraw(void) {
                                   1059 ;	---------------------------------
                                   1060 ; Function ScrollScreenRedraw
                                   1061 ; ---------------------------------
    000003F6                       1062 _ScrollScreenRedraw::
    000003F6 E8 FC            [16] 1063 	add	sp, #-4
                                   1064 ;C:/Users/franc/Documents/Projets/Perso/GameBoyProjects/CrossZGB/common/src/Scroll.c:228: UINT8 __save = CURRENT_BANK;
    000003F8 F0r00            [12] 1065 	ldh	a, (__current_bank + 0)
    000003FA F8 00            [12] 1066 	ldhl	sp,	#0
    000003FC 77               [ 8] 1067 	ld	(hl), a
                                   1068 ;C:/Users/franc/Documents/Projets/Perso/GameBoyProjects/CrossZGB/common/src/Scroll.c:229: SWITCH_ROM(scroll_bank);
    000003FD FAr08r02         [16] 1069 	ld	a, (_scroll_bank)
    00000400 E0r00            [12] 1070 	ldh	(__current_bank + 0), a
    00000402 EAr00r00         [16] 1071 	ld	(#_rROMB0),a
                                   1072 ;C:/Users/franc/Documents/Projets/Perso/GameBoyProjects/CrossZGB/common/src/Scroll.c:230: INT16 y = PX_TO_TILE(scroll_y);
    00000405 FAr08r00         [16] 1073 	ld	a, (#_scroll_y)
    00000408 F8 01            [12] 1074 	ldhl	sp,	#1
    0000040A 77               [ 8] 1075 	ld	(hl), a
    0000040B FAr09r00         [16] 1076 	ld	a, (#_scroll_y + 1)
    0000040E F8 02            [12] 1077 	ldhl	sp,	#2
    00000410 77               [ 8] 1078 	ld	(hl), a
    00000411 CB 2E            [16] 1079 	sra	(hl)
    00000413 2B               [ 8] 1080 	dec	hl
    00000414 CB 1E            [16] 1081 	rr	(hl)
    00000416 23               [ 8] 1082 	inc	hl
    00000417 CB 2E            [16] 1083 	sra	(hl)
    00000419 2B               [ 8] 1084 	dec	hl
    0000041A CB 1E            [16] 1085 	rr	(hl)
    0000041C 23               [ 8] 1086 	inc	hl
    0000041D CB 2E            [16] 1087 	sra	(hl)
    0000041F 2B               [ 8] 1088 	dec	hl
    00000420 CB 1E            [16] 1089 	rr	(hl)
                                   1090 ;C:/Users/franc/Documents/Projets/Perso/GameBoyProjects/CrossZGB/common/src/Scroll.c:231: for (UINT8 i = 0u; i != (SCREEN_TILE_REFRES_H) && y != scroll_h; ++i, y++) {
    00000422 23               [ 8] 1091 	inc	hl
    00000423 23               [ 8] 1092 	inc	hl
    00000424 36 00            [12] 1093 	ld	(hl), #0x00
    00000426                       1094 00104$:
    00000426 F8 03            [12] 1095 	ldhl	sp,	#3
    00000428 7E               [ 8] 1096 	ld	a, (hl)
    00000429 D6 15            [ 8] 1097 	sub	a, #0x15
    0000042B 28 39            [12] 1098 	jr	Z, 00101$
    0000042D F8 01            [12] 1099 	ldhl	sp,	#1
    0000042F 2A               [ 8] 1100 	ld	a, (hl+)
    00000430 4F               [ 4] 1101 	ld	c, a
    00000431 46               [ 8] 1102 	ld	b, (hl)
    00000432 21r02r00         [12] 1103 	ld	hl, #_scroll_h
    00000435 7E               [ 8] 1104 	ld	a, (hl)
    00000436 91               [ 4] 1105 	sub	a, c
    00000437 20 05            [12] 1106 	jr	NZ, 00131$
    00000439 23               [ 8] 1107 	inc	hl
    0000043A 7E               [ 8] 1108 	ld	a, (hl)
    0000043B 90               [ 4] 1109 	sub	a, b
    0000043C 28 28            [12] 1110 	jr	Z, 00101$
    0000043E                       1111 00131$:
                                   1112 ;C:/Users/franc/Documents/Projets/Perso/GameBoyProjects/CrossZGB/common/src/Scroll.c:232: ScrollUpdateRow(PX_TO_TILE(scroll_x) - SCREEN_PAD_LEFT,  y - SCREEN_PAD_TOP);
    0000043E F8 01            [12] 1113 	ldhl	sp,#1
    00000440 2A               [ 8] 1114 	ld	a, (hl+)
    00000441 4F               [ 4] 1115 	ld	c, a
    00000442 46               [ 8] 1116 	ld	b, (hl)
    00000443 0B               [ 8] 1117 	dec	bc
    00000444 21r06r00         [12] 1118 	ld	hl, #_scroll_x
    00000447 2A               [ 8] 1119 	ld	a, (hl+)
    00000448 5F               [ 4] 1120 	ld	e, a
    00000449 56               [ 8] 1121 	ld	d, (hl)
    0000044A CB 2A            [ 8] 1122 	sra	d
    0000044C CB 1B            [ 8] 1123 	rr	e
    0000044E CB 2A            [ 8] 1124 	sra	d
    00000450 CB 1B            [ 8] 1125 	rr	e
    00000452 CB 2A            [ 8] 1126 	sra	d
    00000454 CB 1B            [ 8] 1127 	rr	e
    00000456 1B               [ 8] 1128 	dec	de
    00000457 CDr2Ar05         [24] 1129 	call	_ScrollUpdateRow
                                   1130 ;C:/Users/franc/Documents/Projets/Perso/GameBoyProjects/CrossZGB/common/src/Scroll.c:231: for (UINT8 i = 0u; i != (SCREEN_TILE_REFRES_H) && y != scroll_h; ++i, y++) {
    0000045A F8 03            [12] 1131 	ldhl	sp,	#3
    0000045C 34               [12] 1132 	inc	(hl)
    0000045D 2B               [ 8] 1133 	dec	hl
    0000045E 2B               [ 8] 1134 	dec	hl
    0000045F 34               [12] 1135 	inc	(hl)
    00000460 20 C4            [12] 1136 	jr	NZ, 00104$
    00000462 23               [ 8] 1137 	inc	hl
    00000463 34               [12] 1138 	inc	(hl)
    00000464 18 C0            [12] 1139 	jr	00104$
    00000466                       1140 00101$:
                                   1141 ;C:/Users/franc/Documents/Projets/Perso/GameBoyProjects/CrossZGB/common/src/Scroll.c:234: SWITCH_ROM(__save);
    00000466 F8 00            [12] 1142 	ldhl	sp,	#0
    00000468 7E               [ 8] 1143 	ld	a, (hl)
    00000469 E0r00            [12] 1144 	ldh	(__current_bank + 0), a
    0000046B 7E               [ 8] 1145 	ld	a, (hl)
    0000046C EAr00r00         [16] 1146 	ld	(#_rROMB0),a
                                   1147 ;C:/Users/franc/Documents/Projets/Perso/GameBoyProjects/CrossZGB/common/src/Scroll.c:235: }
    0000046F E8 04            [16] 1148 	add	sp, #4
    00000471 C9               [16] 1149 	ret
                                   1150 ;C:/Users/franc/Documents/Projets/Perso/GameBoyProjects/CrossZGB/common/src/Scroll.c:237: void InitScroll(UINT8 map_bank, const struct MapInfo* map, const UINT8* coll_list, const UINT8* coll_list_down) {
                                   1151 ;	---------------------------------
                                   1152 ; Function InitScroll
                                   1153 ; ---------------------------------
    00000472                       1154 _InitScroll::
    00000472 4F               [ 4] 1155 	ld	c, a
                                   1156 ;C:/Users/franc/Documents/Projets/Perso/GameBoyProjects/CrossZGB/common/src/Scroll.c:239: ScrollInitTilesFromMap(0, map_bank, map);
    00000473 C5               [16] 1157 	push	bc
    00000474 D5               [16] 1158 	push	de
    00000475 D5               [16] 1159 	push	de
    00000476 59               [ 4] 1160 	ld	e, c
    00000477 AF               [ 4] 1161 	xor	a, a
    00000478 CDr2Fr03         [24] 1162 	call	_ScrollInitTilesFromMap
    0000047B D1               [12] 1163 	pop	de
    0000047C C1               [12] 1164 	pop	bc
                                   1165 ;C:/Users/franc/Documents/Projets/Perso/GameBoyProjects/CrossZGB/common/src/Scroll.c:242: ScrollSetMap(map_bank, map);
    0000047D 79               [ 4] 1166 	ld	a, c
    0000047E CDr5Cr02         [24] 1167 	call	_ScrollSetMap
                                   1168 ;C:/Users/franc/Documents/Projets/Perso/GameBoyProjects/CrossZGB/common/src/Scroll.c:245: ScrollInitCollisions(coll_list, coll_list_down);
    00000481 F8 04            [12] 1169 	ldhl	sp,	#4
    00000483 2A               [ 8] 1170 	ld	a, (hl+)
    00000484 4F               [ 4] 1171 	ld	c, a
    00000485 46               [ 8] 1172 	ld	b, (hl)
    00000486 F8 02            [12] 1173 	ldhl	sp,	#2
    00000488 2A               [ 8] 1174 	ld	a, (hl+)
    00000489 5F               [ 4] 1175 	ld	e, a
    0000048A 56               [ 8] 1176 	ld	d, (hl)
    0000048B CDrDAr03         [24] 1177 	call	_ScrollInitCollisions
                                   1178 ;C:/Users/franc/Documents/Projets/Perso/GameBoyProjects/CrossZGB/common/src/Scroll.c:248: ScrollScreenRedraw();
    0000048E CDrF6r03         [24] 1179 	call	_ScrollScreenRedraw
                                   1180 ;C:/Users/franc/Documents/Projets/Perso/GameBoyProjects/CrossZGB/common/src/Scroll.c:249: }
    00000491 E1               [12] 1181 	pop	hl
    00000492 E8 04            [16] 1182 	add	sp, #4
    00000494 E9               [ 4] 1183 	jp	(hl)
                                   1184 ;C:/Users/franc/Documents/Projets/Perso/GameBoyProjects/CrossZGB/common/src/Scroll.c:251: void ScrollUpdateRowR(void) {
                                   1185 ;	---------------------------------
                                   1186 ; Function ScrollUpdateRowR
                                   1187 ; ---------------------------------
    00000495                       1188 _ScrollUpdateRowR::
    00000495 3B               [ 8] 1189 	dec	sp
                                   1190 ;C:/Users/franc/Documents/Projets/Perso/GameBoyProjects/CrossZGB/common/src/Scroll.c:252: scroll_ptr = pending_w_map;
    00000496 FAr17r00         [16] 1191 	ld	a, (#_pending_w_map)
    00000499 EAr18r02         [16] 1192 	ld	(#_scroll_ptr),a
    0000049C FAr18r00         [16] 1193 	ld	a, (#_pending_w_map + 1)
    0000049F EAr19r02         [16] 1194 	ld	(#_scroll_ptr + 1),a
                                   1195 ;C:/Users/franc/Documents/Projets/Perso/GameBoyProjects/CrossZGB/common/src/Scroll.c:256: scroll_cptr = NULL;
    000004A2 AF               [ 4] 1196 	xor	a, a
    000004A3 21r1Ar02         [12] 1197 	ld	hl, #_scroll_cptr
    000004A6 22               [ 8] 1198 	ld	(hl+), a
    000004A7 77               [ 8] 1199 	ld	(hl), a
                                   1200 ;C:/Users/franc/Documents/Projets/Perso/GameBoyProjects/CrossZGB/common/src/Scroll.c:258: for (UINT8 i = MAX(SCREEN_RESTORE_W, pending_w_i); (i); --i) {
    000004A8 FAr12r02         [16] 1201 	ld	a, (#_pending_w_i)
    000004AB D6 05            [ 8] 1202 	sub	a, #0x05
    000004AD 30 04            [12] 1203 	jr	NC, 00107$
    000004AF 3E 05            [ 8] 1204 	ld	a, #0x05
    000004B1 18 03            [12] 1205 	jr	00108$
    000004B3                       1206 00107$:
    000004B3 FAr12r02         [16] 1207 	ld	a, (_pending_w_i)
    000004B6                       1208 00108$:
    000004B6 F8 00            [12] 1209 	ldhl	sp,	#0
    000004B8 77               [ 8] 1210 	ld	(hl), a
    000004B9                       1211 00103$:
    000004B9 F8 00            [12] 1212 	ldhl	sp,	#0
    000004BB 7E               [ 8] 1213 	ld	a, (hl)
    000004BC B7               [ 4] 1214 	or	a, a
    000004BD 28 26            [12] 1215 	jr	Z, 00101$
                                   1216 ;C:/Users/franc/Documents/Projets/Perso/GameBoyProjects/CrossZGB/common/src/Scroll.c:259: UPDATE_TILE(pending_w_x++, pending_w_y);
    000004BF FAr0Er02         [16] 1217 	ld	a, (_pending_w_x)
    000004C2 5F               [ 4] 1218 	ld	e, a
    000004C3 21r0Fr02         [12] 1219 	ld	hl, #_pending_w_x + 1
    000004C6 3A               [ 8] 1220 	ld	a, (hl-)
    000004C7 57               [ 4] 1221 	ld	d, a
    000004C8 34               [12] 1222 	inc	(hl)
    000004C9 20 02            [12] 1223 	jr	NZ, 00131$
    000004CB 23               [ 8] 1224 	inc	hl
    000004CC 34               [12] 1225 	inc	(hl)
    000004CD                       1226 00131$:
    000004CD FAr10r02         [16] 1227 	ld	a, (_pending_w_y)
    000004D0 4F               [ 4] 1228 	ld	c, a
    000004D1 21r11r02         [12] 1229 	ld	hl, #_pending_w_y + 1
    000004D4 46               [ 8] 1230 	ld	b, (hl)
    000004D5 CDr00r00         [24] 1231 	call	_UPDATE_TILE
                                   1232 ;C:/Users/franc/Documents/Projets/Perso/GameBoyProjects/CrossZGB/common/src/Scroll.c:260: scroll_ptr++;
    000004D8 21r18r02         [12] 1233 	ld	hl, #_scroll_ptr
    000004DB 34               [12] 1234 	inc	(hl)
    000004DC 20 02            [12] 1235 	jr	NZ, 00132$
    000004DE 23               [ 8] 1236 	inc	hl
    000004DF 34               [12] 1237 	inc	(hl)
    000004E0                       1238 00132$:
                                   1239 ;C:/Users/franc/Documents/Projets/Perso/GameBoyProjects/CrossZGB/common/src/Scroll.c:258: for (UINT8 i = MAX(SCREEN_RESTORE_W, pending_w_i); (i); --i) {
    000004E0 F8 00            [12] 1240 	ldhl	sp,	#0
    000004E2 35               [12] 1241 	dec	(hl)
    000004E3 18 D4            [12] 1242 	jr	00103$
    000004E5                       1243 00101$:
                                   1244 ;C:/Users/franc/Documents/Projets/Perso/GameBoyProjects/CrossZGB/common/src/Scroll.c:265: pending_w_i = 0;
    000004E5 AF               [ 4] 1245 	xor	a, a
    000004E6 EAr12r02         [16] 1246 	ld	(#_pending_w_i),a
                                   1247 ;C:/Users/franc/Documents/Projets/Perso/GameBoyProjects/CrossZGB/common/src/Scroll.c:266: }
    000004E9 33               [ 8] 1248 	inc	sp
    000004EA C9               [16] 1249 	ret
                                   1250 ;C:/Users/franc/Documents/Projets/Perso/GameBoyProjects/CrossZGB/common/src/Scroll.c:268: void ScrollUpdateRowWithDelay(INT16 x, INT16 y) {
                                   1251 ;	---------------------------------
                                   1252 ; Function ScrollUpdateRowWithDelay
                                   1253 ; ---------------------------------
    000004EB                       1254 _ScrollUpdateRowWithDelay::
                                   1255 ;C:/Users/franc/Documents/Projets/Perso/GameBoyProjects/CrossZGB/common/src/Scroll.c:269: if (pending_w_i) ScrollUpdateRowR();
    000004EB FAr12r02         [16] 1256 	ld	a, (#_pending_w_i)
    000004EE B7               [ 4] 1257 	or	a, a
    000004EF 28 07            [12] 1258 	jr	Z, 00102$
    000004F1 C5               [16] 1259 	push	bc
    000004F2 D5               [16] 1260 	push	de
    000004F3 CDr95r04         [24] 1261 	call	_ScrollUpdateRowR
    000004F6 D1               [12] 1262 	pop	de
    000004F7 C1               [12] 1263 	pop	bc
    000004F8                       1264 00102$:
                                   1265 ;C:/Users/franc/Documents/Projets/Perso/GameBoyProjects/CrossZGB/common/src/Scroll.c:271: pending_w_i = SCREEN_TILE_REFRES_W;
    000004F8 21r12r02         [12] 1266 	ld	hl, #_pending_w_i
    000004FB 36 17            [12] 1267 	ld	(hl), #0x17
                                   1268 ;C:/Users/franc/Documents/Projets/Perso/GameBoyProjects/CrossZGB/common/src/Scroll.c:273: UINT16 offset = scroll_tiles_w * (pending_w_y = y) + (pending_w_x = x);
    000004FD 21r10r02         [12] 1269 	ld	hl, #_pending_w_y
    00000500 79               [ 4] 1270 	ld	a, c
    00000501 22               [ 8] 1271 	ld	(hl+), a
    00000502 70               [ 8] 1272 	ld	(hl), b
    00000503 D5               [16] 1273 	push	de
    00000504 FAr04r00         [16] 1274 	ld	a, (_scroll_tiles_w)
    00000507 5F               [ 4] 1275 	ld	e, a
    00000508 21r05r00         [12] 1276 	ld	hl, #_scroll_tiles_w + 1
    0000050B 56               [ 8] 1277 	ld	d, (hl)
    0000050C CDr00r00         [24] 1278 	call	__mulint
    0000050F D1               [12] 1279 	pop	de
    00000510 21r0Er02         [12] 1280 	ld	hl, #_pending_w_x
    00000513 7B               [ 4] 1281 	ld	a, e
    00000514 22               [ 8] 1282 	ld	(hl+), a
    00000515 72               [ 8] 1283 	ld	(hl), d
    00000516 6B               [ 4] 1284 	ld	l, e
    00000517 62               [ 4] 1285 	ld	h, d
    00000518 09               [ 8] 1286 	add	hl, bc
    00000519 4D               [ 4] 1287 	ld	c, l
    0000051A 44               [ 4] 1288 	ld	b, h
                                   1289 ;C:/Users/franc/Documents/Projets/Perso/GameBoyProjects/CrossZGB/common/src/Scroll.c:274: pending_w_map = scroll_map + offset;
    0000051B FAr02r00         [16] 1290 	ld	a, (#_scroll_map)
    0000051E 81               [ 4] 1291 	add	a, c
    0000051F EAr17r00         [16] 1292 	ld	(#_pending_w_map),a
    00000522 FAr03r00         [16] 1293 	ld	a, (#_scroll_map + 1)
    00000525 88               [ 4] 1294 	adc	a, b
    00000526 EAr18r00         [16] 1295 	ld	(#_pending_w_map + 1),a
                                   1296 ;C:/Users/franc/Documents/Projets/Perso/GameBoyProjects/CrossZGB/common/src/Scroll.c:278: }
    00000529 C9               [16] 1297 	ret
                                   1298 ;C:/Users/franc/Documents/Projets/Perso/GameBoyProjects/CrossZGB/common/src/Scroll.c:280: void ScrollUpdateRow(INT16 x, INT16 y) {
                                   1299 ;	---------------------------------
                                   1300 ; Function ScrollUpdateRow
                                   1301 ; ---------------------------------
    0000052A                       1302 _ScrollUpdateRow::
    0000052A E8 FF            [16] 1303 	add	sp, #-1
                                   1304 ;C:/Users/franc/Documents/Projets/Perso/GameBoyProjects/CrossZGB/common/src/Scroll.c:281: UINT16 offset = scroll_tiles_w * y + x;
    0000052C C5               [16] 1305 	push	bc
    0000052D D5               [16] 1306 	push	de
    0000052E FAr04r00         [16] 1307 	ld	a, (_scroll_tiles_w)
    00000531 5F               [ 4] 1308 	ld	e, a
    00000532 21r05r00         [12] 1309 	ld	hl, #_scroll_tiles_w + 1
    00000535 56               [ 8] 1310 	ld	d, (hl)
    00000536 CDr00r00         [24] 1311 	call	__mulint
    00000539 D1               [12] 1312 	pop	de
    0000053A 6B               [ 4] 1313 	ld	l, e
    0000053B 62               [ 4] 1314 	ld	h, d
    0000053C 09               [ 8] 1315 	add	hl, bc
    0000053D 4D               [ 4] 1316 	ld	c, l
    0000053E 44               [ 4] 1317 	ld	b, h
                                   1318 ;C:/Users/franc/Documents/Projets/Perso/GameBoyProjects/CrossZGB/common/src/Scroll.c:283: scroll_ptr = scroll_map + offset;
    0000053F FAr02r00         [16] 1319 	ld	a, (#_scroll_map)
    00000542 81               [ 4] 1320 	add	a, c
    00000543 EAr18r02         [16] 1321 	ld	(#_scroll_ptr),a
    00000546 FAr03r00         [16] 1322 	ld	a, (#_scroll_map + 1)
    00000549 88               [ 4] 1323 	adc	a, b
    0000054A EAr19r02         [16] 1324 	ld	(#_scroll_ptr + 1),a
                                   1325 ;C:/Users/franc/Documents/Projets/Perso/GameBoyProjects/CrossZGB/common/src/Scroll.c:287: scroll_cptr = NULL;
    0000054D AF               [ 4] 1326 	xor	a, a
    0000054E 21r1Ar02         [12] 1327 	ld	hl, #_scroll_cptr
    00000551 22               [ 8] 1328 	ld	(hl+), a
    00000552 77               [ 8] 1329 	ld	(hl), a
                                   1330 ;C:/Users/franc/Documents/Projets/Perso/GameBoyProjects/CrossZGB/common/src/Scroll.c:291: __save = CURRENT_BANK;
    00000553 F0r00            [12] 1331 	ldh	a, (__current_bank + 0)
    00000555 EAr1Cr02         [16] 1332 	ld	(#_ScrollUpdateRow___save_10001_344),a
                                   1333 ;C:/Users/franc/Documents/Projets/Perso/GameBoyProjects/CrossZGB/common/src/Scroll.c:292: SWITCH_ROM(scroll_bank);
    00000558 FAr08r02         [16] 1334 	ld	a, (_scroll_bank)
    0000055B E0r00            [12] 1335 	ldh	(__current_bank + 0), a
    0000055D EAr00r00         [16] 1336 	ld	(#_rROMB0),a
                                   1337 ;C:/Users/franc/Documents/Projets/Perso/GameBoyProjects/CrossZGB/common/src/Scroll.c:293: for (UINT8 i = SCREEN_TILE_REFRES_W; (i); --i) {
    00000560 F8 02            [12] 1338 	ldhl	sp,	#2
    00000562 36 17            [12] 1339 	ld	(hl), #0x17
    00000564                       1340 00103$:
    00000564 F8 02            [12] 1341 	ldhl	sp,	#2
    00000566 7E               [ 8] 1342 	ld	a, (hl)
    00000567 B7               [ 4] 1343 	or	a, a
    00000568 28 1F            [12] 1344 	jr	Z, 00101$
                                   1345 ;C:/Users/franc/Documents/Projets/Perso/GameBoyProjects/CrossZGB/common/src/Scroll.c:294: UPDATE_TILE(x++, y);
    0000056A 7B               [ 4] 1346 	ld	a, e
    0000056B 6A               [ 4] 1347 	ld	l, d
    0000056C 13               [ 8] 1348 	inc	de
    0000056D D5               [16] 1349 	push	de
    0000056E E5               [16] 1350 	push	hl
    0000056F F8 04            [12] 1351 	ldhl	sp,	#4
    00000571 4E               [ 8] 1352 	ld	c, (hl)
    00000572 F8 05            [12] 1353 	ldhl	sp,	#5
    00000574 46               [ 8] 1354 	ld	b, (hl)
    00000575 E1               [12] 1355 	pop	hl
    00000576 5F               [ 4] 1356 	ld	e, a
    00000577 55               [ 4] 1357 	ld	d, l
    00000578 CDr00r00         [24] 1358 	call	_UPDATE_TILE
    0000057B D1               [12] 1359 	pop	de
                                   1360 ;C:/Users/franc/Documents/Projets/Perso/GameBoyProjects/CrossZGB/common/src/Scroll.c:295: scroll_ptr++;
    0000057C 21r18r02         [12] 1361 	ld	hl, #_scroll_ptr
    0000057F 34               [12] 1362 	inc	(hl)
    00000580 20 02            [12] 1363 	jr	NZ, 00122$
    00000582 23               [ 8] 1364 	inc	hl
    00000583 34               [12] 1365 	inc	(hl)
    00000584                       1366 00122$:
                                   1367 ;C:/Users/franc/Documents/Projets/Perso/GameBoyProjects/CrossZGB/common/src/Scroll.c:293: for (UINT8 i = SCREEN_TILE_REFRES_W; (i); --i) {
    00000584 F8 02            [12] 1368 	ldhl	sp,	#2
    00000586 35               [12] 1369 	dec	(hl)
    00000587 18 DB            [12] 1370 	jr	00103$
    00000589                       1371 00101$:
                                   1372 ;C:/Users/franc/Documents/Projets/Perso/GameBoyProjects/CrossZGB/common/src/Scroll.c:300: SWITCH_ROM(__save);
    00000589 FAr1Cr02         [16] 1373 	ld	a, (_ScrollUpdateRow___save_10001_344)
    0000058C E0r00            [12] 1374 	ldh	(__current_bank + 0), a
    0000058E EAr00r00         [16] 1375 	ld	(#_rROMB0),a
                                   1376 ;C:/Users/franc/Documents/Projets/Perso/GameBoyProjects/CrossZGB/common/src/Scroll.c:301: }
    00000591 E8 03            [16] 1377 	add	sp, #3
    00000593 C9               [16] 1378 	ret
                                   1379 ;C:/Users/franc/Documents/Projets/Perso/GameBoyProjects/CrossZGB/common/src/Scroll.c:303: void ScrollUpdateColumnR(void) {
                                   1380 ;	---------------------------------
                                   1381 ; Function ScrollUpdateColumnR
                                   1382 ; ---------------------------------
    00000594                       1383 _ScrollUpdateColumnR::
                                   1384 ;C:/Users/franc/Documents/Projets/Perso/GameBoyProjects/CrossZGB/common/src/Scroll.c:304: scroll_ptr = pending_h_map;
    00000594 FAr15r00         [16] 1385 	ld	a, (#_pending_h_map)
    00000597 EAr18r02         [16] 1386 	ld	(#_scroll_ptr),a
    0000059A FAr16r00         [16] 1387 	ld	a, (#_pending_h_map + 1)
    0000059D EAr19r02         [16] 1388 	ld	(#_scroll_ptr + 1),a
                                   1389 ;C:/Users/franc/Documents/Projets/Perso/GameBoyProjects/CrossZGB/common/src/Scroll.c:308: scroll_cptr = NULL;
    000005A0 AF               [ 4] 1390 	xor	a, a
    000005A1 21r1Ar02         [12] 1391 	ld	hl, #_scroll_cptr
    000005A4 22               [ 8] 1392 	ld	(hl+), a
    000005A5 77               [ 8] 1393 	ld	(hl), a
                                   1394 ;C:/Users/franc/Documents/Projets/Perso/GameBoyProjects/CrossZGB/common/src/Scroll.c:310: for (UINT8 i = MAX(SCREEN_RESTORE_H, pending_h_i); (i); --i) {
    000005A6 FAr0Dr02         [16] 1395 	ld	a, (#_pending_h_i)
    000005A9 D6 05            [ 8] 1396 	sub	a, #0x05
    000005AB 30 04            [12] 1397 	jr	NC, 00107$
    000005AD 1E 05            [ 8] 1398 	ld	e, #0x05
    000005AF 18 04            [12] 1399 	jr	00108$
    000005B1                       1400 00107$:
    000005B1 FAr0Dr02         [16] 1401 	ld	a, (_pending_h_i)
    000005B4 5F               [ 4] 1402 	ld	e, a
    000005B5                       1403 00108$:
    000005B5                       1404 00103$:
    000005B5 7B               [ 4] 1405 	ld	a, e
    000005B6 B7               [ 4] 1406 	or	a, a
    000005B7 28 31            [12] 1407 	jr	Z, 00101$
                                   1408 ;C:/Users/franc/Documents/Projets/Perso/GameBoyProjects/CrossZGB/common/src/Scroll.c:311: UPDATE_TILE(pending_h_x, pending_h_y++);
    000005B9 FAr0Br02         [16] 1409 	ld	a, (_pending_h_y)
    000005BC 4F               [ 4] 1410 	ld	c, a
    000005BD 21r0Cr02         [12] 1411 	ld	hl, #_pending_h_y + 1
    000005C0 3A               [ 8] 1412 	ld	a, (hl-)
    000005C1 47               [ 4] 1413 	ld	b, a
    000005C2 34               [12] 1414 	inc	(hl)
    000005C3 20 02            [12] 1415 	jr	NZ, 00131$
    000005C5 23               [ 8] 1416 	inc	hl
    000005C6 34               [12] 1417 	inc	(hl)
    000005C7                       1418 00131$:
    000005C7 D5               [16] 1419 	push	de
    000005C8 FAr09r02         [16] 1420 	ld	a, (_pending_h_x)
    000005CB 5F               [ 4] 1421 	ld	e, a
    000005CC 21r0Ar02         [12] 1422 	ld	hl, #_pending_h_x + 1
    000005CF 56               [ 8] 1423 	ld	d, (hl)
    000005D0 CDr00r00         [24] 1424 	call	_UPDATE_TILE
    000005D3 D1               [12] 1425 	pop	de
                                   1426 ;C:/Users/franc/Documents/Projets/Perso/GameBoyProjects/CrossZGB/common/src/Scroll.c:312: scroll_ptr += scroll_tiles_w;
    000005D4 FAr18r02         [16] 1427 	ld	a, (#_scroll_ptr)
    000005D7 21r04r00         [12] 1428 	ld	hl, #_scroll_tiles_w
    000005DA 86               [ 8] 1429 	add	a, (hl)
    000005DB 21r18r02         [12] 1430 	ld	hl, #_scroll_ptr
    000005DE 22               [ 8] 1431 	ld	(hl+), a
    000005DF 7E               [ 8] 1432 	ld	a, (hl)
    000005E0 21r05r00         [12] 1433 	ld	hl, #_scroll_tiles_w + 1
    000005E3 8E               [ 8] 1434 	adc	a, (hl)
    000005E4 EAr19r02         [16] 1435 	ld	(#_scroll_ptr + 1),a
                                   1436 ;C:/Users/franc/Documents/Projets/Perso/GameBoyProjects/CrossZGB/common/src/Scroll.c:310: for (UINT8 i = MAX(SCREEN_RESTORE_H, pending_h_i); (i); --i) {
    000005E7 1D               [ 4] 1437 	dec	e
    000005E8 18 CB            [12] 1438 	jr	00103$
    000005EA                       1439 00101$:
                                   1440 ;C:/Users/franc/Documents/Projets/Perso/GameBoyProjects/CrossZGB/common/src/Scroll.c:317: pending_h_i = 0;
    000005EA AF               [ 4] 1441 	xor	a, a
    000005EB EAr0Dr02         [16] 1442 	ld	(#_pending_h_i),a
                                   1443 ;C:/Users/franc/Documents/Projets/Perso/GameBoyProjects/CrossZGB/common/src/Scroll.c:318: }
    000005EE C9               [16] 1444 	ret
                                   1445 ;C:/Users/franc/Documents/Projets/Perso/GameBoyProjects/CrossZGB/common/src/Scroll.c:320: void ScrollUpdateColumnWithDelay(INT16 x, INT16 y) {
                                   1446 ;	---------------------------------
                                   1447 ; Function ScrollUpdateColumnWithDelay
                                   1448 ; ---------------------------------
    000005EF                       1449 _ScrollUpdateColumnWithDelay::
                                   1450 ;C:/Users/franc/Documents/Projets/Perso/GameBoyProjects/CrossZGB/common/src/Scroll.c:321: if (pending_h_i) ScrollUpdateColumnR();
    000005EF FAr0Dr02         [16] 1451 	ld	a, (#_pending_h_i)
    000005F2 B7               [ 4] 1452 	or	a, a
    000005F3 28 07            [12] 1453 	jr	Z, 00102$
    000005F5 C5               [16] 1454 	push	bc
    000005F6 D5               [16] 1455 	push	de
    000005F7 CDr94r05         [24] 1456 	call	_ScrollUpdateColumnR
    000005FA D1               [12] 1457 	pop	de
    000005FB C1               [12] 1458 	pop	bc
    000005FC                       1459 00102$:
                                   1460 ;C:/Users/franc/Documents/Projets/Perso/GameBoyProjects/CrossZGB/common/src/Scroll.c:323: pending_h_i = SCREEN_TILE_REFRES_H;
    000005FC 21r0Dr02         [12] 1461 	ld	hl, #_pending_h_i
    000005FF 36 15            [12] 1462 	ld	(hl), #0x15
                                   1463 ;C:/Users/franc/Documents/Projets/Perso/GameBoyProjects/CrossZGB/common/src/Scroll.c:325: UINT16 offset = scroll_tiles_w * (pending_h_y = y) + (pending_h_x = x);
    00000601 21r0Br02         [12] 1464 	ld	hl, #_pending_h_y
    00000604 79               [ 4] 1465 	ld	a, c
    00000605 22               [ 8] 1466 	ld	(hl+), a
    00000606 70               [ 8] 1467 	ld	(hl), b
    00000607 D5               [16] 1468 	push	de
    00000608 FAr04r00         [16] 1469 	ld	a, (_scroll_tiles_w)
    0000060B 5F               [ 4] 1470 	ld	e, a
    0000060C 21r05r00         [12] 1471 	ld	hl, #_scroll_tiles_w + 1
    0000060F 56               [ 8] 1472 	ld	d, (hl)
    00000610 CDr00r00         [24] 1473 	call	__mulint
    00000613 D1               [12] 1474 	pop	de
    00000614 21r09r02         [12] 1475 	ld	hl, #_pending_h_x
    00000617 7B               [ 4] 1476 	ld	a, e
    00000618 22               [ 8] 1477 	ld	(hl+), a
    00000619 72               [ 8] 1478 	ld	(hl), d
    0000061A 6B               [ 4] 1479 	ld	l, e
    0000061B 62               [ 4] 1480 	ld	h, d
    0000061C 09               [ 8] 1481 	add	hl, bc
    0000061D 4D               [ 4] 1482 	ld	c, l
    0000061E 44               [ 4] 1483 	ld	b, h
                                   1484 ;C:/Users/franc/Documents/Projets/Perso/GameBoyProjects/CrossZGB/common/src/Scroll.c:326: pending_h_map = scroll_map + offset;
    0000061F FAr02r00         [16] 1485 	ld	a, (#_scroll_map)
    00000622 81               [ 4] 1486 	add	a, c
    00000623 EAr15r00         [16] 1487 	ld	(#_pending_h_map),a
    00000626 FAr03r00         [16] 1488 	ld	a, (#_scroll_map + 1)
    00000629 88               [ 4] 1489 	adc	a, b
    0000062A EAr16r00         [16] 1490 	ld	(#_pending_h_map + 1),a
                                   1491 ;C:/Users/franc/Documents/Projets/Perso/GameBoyProjects/CrossZGB/common/src/Scroll.c:330: }
    0000062D C9               [16] 1492 	ret
                                   1493 ;C:/Users/franc/Documents/Projets/Perso/GameBoyProjects/CrossZGB/common/src/Scroll.c:332: void ScrollUpdateColumn(INT16 x, INT16 y) {
                                   1494 ;	---------------------------------
                                   1495 ; Function ScrollUpdateColumn
                                   1496 ; ---------------------------------
    0000062E                       1497 _ScrollUpdateColumn::
    0000062E E8 FB            [16] 1498 	add	sp, #-5
    00000630 F8 02            [12] 1499 	ldhl	sp,	#2
    00000632 7B               [ 4] 1500 	ld	a, e
    00000633 22               [ 8] 1501 	ld	(hl+), a
    00000634 72               [ 8] 1502 	ld	(hl), d
                                   1503 ;C:/Users/franc/Documents/Projets/Perso/GameBoyProjects/CrossZGB/common/src/Scroll.c:333: UINT16 offset = scroll_tiles_w * y + x;
    00000635 C5               [16] 1504 	push	bc
    00000636 FAr04r00         [16] 1505 	ld	a, (_scroll_tiles_w)
    00000639 5F               [ 4] 1506 	ld	e, a
    0000063A 21r05r00         [12] 1507 	ld	hl, #_scroll_tiles_w + 1
    0000063D 56               [ 8] 1508 	ld	d, (hl)
    0000063E CDr00r00         [24] 1509 	call	__mulint
    00000641 D1               [12] 1510 	pop	de
    00000642 F8 02            [12] 1511 	ldhl	sp,	#2
    00000644 3A               [ 8] 1512 	ld	a, (hl-)
    00000645 2B               [ 8] 1513 	dec	hl
    00000646 77               [ 8] 1514 	ld	(hl), a
    00000647 F8 03            [12] 1515 	ldhl	sp,	#3
    00000649 3A               [ 8] 1516 	ld	a, (hl-)
    0000064A 2B               [ 8] 1517 	dec	hl
    0000064B 77               [ 8] 1518 	ld	(hl), a
    0000064C E1               [12] 1519 	pop	hl
    0000064D E5               [16] 1520 	push	hl
    0000064E 09               [ 8] 1521 	add	hl, bc
    0000064F 4D               [ 4] 1522 	ld	c, l
    00000650 44               [ 4] 1523 	ld	b, h
                                   1524 ;C:/Users/franc/Documents/Projets/Perso/GameBoyProjects/CrossZGB/common/src/Scroll.c:335: scroll_ptr = scroll_map + offset;
    00000651 FAr02r00         [16] 1525 	ld	a, (#_scroll_map)
    00000654 81               [ 4] 1526 	add	a, c
    00000655 EAr18r02         [16] 1527 	ld	(#_scroll_ptr),a
    00000658 FAr03r00         [16] 1528 	ld	a, (#_scroll_map + 1)
    0000065B 88               [ 4] 1529 	adc	a, b
    0000065C EAr19r02         [16] 1530 	ld	(#_scroll_ptr + 1),a
                                   1531 ;C:/Users/franc/Documents/Projets/Perso/GameBoyProjects/CrossZGB/common/src/Scroll.c:339: scroll_cptr = NULL;
    0000065F AF               [ 4] 1532 	xor	a, a
    00000660 21r1Ar02         [12] 1533 	ld	hl, #_scroll_cptr
    00000663 22               [ 8] 1534 	ld	(hl+), a
    00000664 77               [ 8] 1535 	ld	(hl), a
                                   1536 ;C:/Users/franc/Documents/Projets/Perso/GameBoyProjects/CrossZGB/common/src/Scroll.c:343: __save = CURRENT_BANK;
    00000665 F0r00            [12] 1537 	ldh	a, (__current_bank + 0)
    00000667 EAr1Dr02         [16] 1538 	ld	(#_ScrollUpdateColumn___save_10001_357),a
                                   1539 ;C:/Users/franc/Documents/Projets/Perso/GameBoyProjects/CrossZGB/common/src/Scroll.c:344: SWITCH_ROM(scroll_bank);
    0000066A FAr08r02         [16] 1540 	ld	a, (_scroll_bank)
    0000066D E0r00            [12] 1541 	ldh	(__current_bank + 0), a
    0000066F EAr00r00         [16] 1542 	ld	(#_rROMB0),a
                                   1543 ;C:/Users/franc/Documents/Projets/Perso/GameBoyProjects/CrossZGB/common/src/Scroll.c:345: for (UINT8 i = SCREEN_TILE_REFRES_H; (i); --i) {
    00000672 F8 04            [12] 1544 	ldhl	sp,	#4
    00000674 36 15            [12] 1545 	ld	(hl), #0x15
    00000676                       1546 00103$:
    00000676 F8 04            [12] 1547 	ldhl	sp,	#4
    00000678 7E               [ 8] 1548 	ld	a, (hl)
    00000679 B7               [ 4] 1549 	or	a, a
    0000067A 28 25            [12] 1550 	jr	Z, 00101$
                                   1551 ;C:/Users/franc/Documents/Projets/Perso/GameBoyProjects/CrossZGB/common/src/Scroll.c:346: UPDATE_TILE(x, y++);
    0000067C 2B               [ 8] 1552 	dec	hl
    0000067D 2B               [ 8] 1553 	dec	hl
    0000067E 4B               [ 4] 1554 	ld	c, e
    0000067F 42               [ 4] 1555 	ld	b, d
    00000680 13               [ 8] 1556 	inc	de
    00000681 D5               [16] 1557 	push	de
    00000682 2A               [ 8] 1558 	ld	a, (hl+)
    00000683 5F               [ 4] 1559 	ld	e, a
    00000684 56               [ 8] 1560 	ld	d, (hl)
    00000685 CDr00r00         [24] 1561 	call	_UPDATE_TILE
    00000688 D1               [12] 1562 	pop	de
                                   1563 ;C:/Users/franc/Documents/Projets/Perso/GameBoyProjects/CrossZGB/common/src/Scroll.c:347: scroll_ptr += scroll_tiles_w;
    00000689 FAr18r02         [16] 1564 	ld	a, (#_scroll_ptr)
    0000068C 21r04r00         [12] 1565 	ld	hl, #_scroll_tiles_w
    0000068F 86               [ 8] 1566 	add	a, (hl)
    00000690 21r18r02         [12] 1567 	ld	hl, #_scroll_ptr
    00000693 22               [ 8] 1568 	ld	(hl+), a
    00000694 7E               [ 8] 1569 	ld	a, (hl)
    00000695 21r05r00         [12] 1570 	ld	hl, #_scroll_tiles_w + 1
    00000698 8E               [ 8] 1571 	adc	a, (hl)
    00000699 EAr19r02         [16] 1572 	ld	(#_scroll_ptr + 1),a
                                   1573 ;C:/Users/franc/Documents/Projets/Perso/GameBoyProjects/CrossZGB/common/src/Scroll.c:345: for (UINT8 i = SCREEN_TILE_REFRES_H; (i); --i) {
    0000069C F8 04            [12] 1574 	ldhl	sp,	#4
    0000069E 35               [12] 1575 	dec	(hl)
    0000069F 18 D5            [12] 1576 	jr	00103$
    000006A1                       1577 00101$:
                                   1578 ;C:/Users/franc/Documents/Projets/Perso/GameBoyProjects/CrossZGB/common/src/Scroll.c:352: SWITCH_ROM(__save);
    000006A1 FAr1Dr02         [16] 1579 	ld	a, (_ScrollUpdateColumn___save_10001_357)
    000006A4 E0r00            [12] 1580 	ldh	(__current_bank + 0), a
    000006A6 EAr00r00         [16] 1581 	ld	(#_rROMB0),a
                                   1582 ;C:/Users/franc/Documents/Projets/Perso/GameBoyProjects/CrossZGB/common/src/Scroll.c:353: }
    000006A9 E8 05            [16] 1583 	add	sp, #5
    000006AB C9               [16] 1584 	ret
                                   1585 ;C:/Users/franc/Documents/Projets/Perso/GameBoyProjects/CrossZGB/common/src/Scroll.c:355: void RefreshScroll(void) {
                                   1586 ;	---------------------------------
                                   1587 ; Function RefreshScroll
                                   1588 ; ---------------------------------
    000006AC                       1589 _RefreshScroll::
    000006AC E8 FC            [16] 1590 	add	sp, #-4
                                   1591 ;C:/Users/franc/Documents/Projets/Perso/GameBoyProjects/CrossZGB/common/src/Scroll.c:356: if (scroll_target) {
    000006AE 21r0Fr00         [12] 1592 	ld	hl, #_scroll_target + 1
    000006B1 3A               [ 8] 1593 	ld	a, (hl-)
    000006B2 B6               [ 8] 1594 	or	a, (hl)
    000006B3 CAr39r07         [16] 1595 	jp	Z, 00108$
                                   1596 ;C:/Users/franc/Documents/Projets/Perso/GameBoyProjects/CrossZGB/common/src/Scroll.c:357: UINT16 ny = scroll_y;
    000006B6 FAr08r00         [16] 1597 	ld	a, (#_scroll_y)
    000006B9 F8 00            [12] 1598 	ldhl	sp,	#0
    000006BB 77               [ 8] 1599 	ld	(hl), a
    000006BC FAr09r00         [16] 1600 	ld	a, (#_scroll_y + 1)
    000006BF F8 01            [12] 1601 	ldhl	sp,	#1
    000006C1 77               [ 8] 1602 	ld	(hl), a
                                   1603 ;C:/Users/franc/Documents/Projets/Perso/GameBoyProjects/CrossZGB/common/src/Scroll.c:359: if (scroll_bottom_movement_limit < (scroll_target->y - scroll_y)) ny = scroll_target->y - scroll_bottom_movement_limit;
    000006C2 FAr0Er00         [16] 1604 	ld	a, (_scroll_target)
    000006C5 21r0Fr00         [12] 1605 	ld	hl, #_scroll_target + 1
    000006C8 66               [ 8] 1606 	ld	h, (hl)
    000006C9 6F               [ 4] 1607 	ld	l, a
    000006CA 23               [ 8] 1608 	inc	hl
    000006CB 23               [ 8] 1609 	inc	hl
    000006CC 2A               [ 8] 1610 	ld	a, (hl+)
    000006CD 47               [ 4] 1611 	ld	b, a
    000006CE 4E               [ 8] 1612 	ld	c, (hl)
    000006CF FAr08r00         [16] 1613 	ld	a, (_scroll_y)
    000006D2 5F               [ 4] 1614 	ld	e, a
    000006D3 21r09r00         [12] 1615 	ld	hl, #_scroll_y + 1
    000006D6 56               [ 8] 1616 	ld	d, (hl)
    000006D7 78               [ 4] 1617 	ld	a, b
    000006D8 93               [ 4] 1618 	sub	a, e
    000006D9 5F               [ 4] 1619 	ld	e, a
    000006DA 79               [ 4] 1620 	ld	a, c
    000006DB 9A               [ 4] 1621 	sbc	a, d
    000006DC 57               [ 4] 1622 	ld	d, a
    000006DD FAr01r00         [16] 1623 	ld	a, (_scroll_bottom_movement_limit)
    000006E0 6F               [ 4] 1624 	ld	l, a
    000006E1 26 00            [ 8] 1625 	ld	h, #0x00
    000006E3 7D               [ 4] 1626 	ld	a, l
    000006E4 93               [ 4] 1627 	sub	a, e
    000006E5 7C               [ 4] 1628 	ld	a, h
    000006E6 9A               [ 4] 1629 	sbc	a, d
    000006E7 30 18            [12] 1630 	jr	NC, 00104$
    000006E9 FAr01r00         [16] 1631 	ld	a, (_scroll_bottom_movement_limit)
    000006EC F8 02            [12] 1632 	ldhl	sp,	#2
    000006EE 22               [ 8] 1633 	ld	(hl+), a
    000006EF 36 00            [12] 1634 	ld	(hl), #0x00
    000006F1 58               [ 4] 1635 	ld	e, b
    000006F2 51               [ 4] 1636 	ld	d, c
    000006F3 3A               [ 8] 1637 	ld	a, (hl-)
    000006F4 6E               [ 8] 1638 	ld	l, (hl)
    000006F5 67               [ 4] 1639 	ld	h, a
    000006F6 7B               [ 4] 1640 	ld	a, e
    000006F7 95               [ 4] 1641 	sub	a, l
    000006F8 5F               [ 4] 1642 	ld	e, a
    000006F9 7A               [ 4] 1643 	ld	a, d
    000006FA 9C               [ 4] 1644 	sbc	a, h
    000006FB F8 01            [12] 1645 	ldhl	sp,	#1
    000006FD 32               [ 8] 1646 	ld	(hl-), a
    000006FE 73               [ 8] 1647 	ld	(hl), e
    000006FF 18 22            [12] 1648 	jr	00105$
    00000701                       1649 00104$:
                                   1650 ;C:/Users/franc/Documents/Projets/Perso/GameBoyProjects/CrossZGB/common/src/Scroll.c:360: else if (scroll_top_movement_limit > (scroll_target->y - scroll_y)) ny = scroll_target->y - scroll_top_movement_limit;
    00000701 FAr00r00         [16] 1651 	ld	a, (_scroll_top_movement_limit)
    00000704 6F               [ 4] 1652 	ld	l, a
    00000705 26 00            [ 8] 1653 	ld	h, #0x00
    00000707 7B               [ 4] 1654 	ld	a, e
    00000708 95               [ 4] 1655 	sub	a, l
    00000709 7A               [ 4] 1656 	ld	a, d
    0000070A 9C               [ 4] 1657 	sbc	a, h
    0000070B 30 16            [12] 1658 	jr	NC, 00105$
    0000070D FAr00r00         [16] 1659 	ld	a, (_scroll_top_movement_limit)
    00000710 F8 02            [12] 1660 	ldhl	sp,	#2
    00000712 22               [ 8] 1661 	ld	(hl+), a
    00000713 36 00            [12] 1662 	ld	(hl), #0x00
    00000715 58               [ 4] 1663 	ld	e, b
    00000716 51               [ 4] 1664 	ld	d, c
    00000717 3A               [ 8] 1665 	ld	a, (hl-)
    00000718 6E               [ 8] 1666 	ld	l, (hl)
    00000719 67               [ 4] 1667 	ld	h, a
    0000071A 7B               [ 4] 1668 	ld	a, e
    0000071B 95               [ 4] 1669 	sub	a, l
    0000071C 5F               [ 4] 1670 	ld	e, a
    0000071D 7A               [ 4] 1671 	ld	a, d
    0000071E 9C               [ 4] 1672 	sbc	a, h
    0000071F F8 01            [12] 1673 	ldhl	sp,	#1
    00000721 32               [ 8] 1674 	ld	(hl-), a
    00000722 73               [ 8] 1675 	ld	(hl), e
    00000723                       1676 00105$:
                                   1677 ;C:/Users/franc/Documents/Projets/Perso/GameBoyProjects/CrossZGB/common/src/Scroll.c:362: MoveScroll(scroll_target->x - (SCREEN_WIDTH >> 1), ny);
    00000723 21r0Er00         [12] 1678 	ld	hl, #_scroll_target
    00000726 2A               [ 8] 1679 	ld	a,	(hl+)
    00000727 66               [ 8] 1680 	ld	h, (hl)
    00000728 6F               [ 4] 1681 	ld	l, a
    00000729 2A               [ 8] 1682 	ld	a, (hl+)
    0000072A 4F               [ 4] 1683 	ld	c, a
    0000072B 46               [ 8] 1684 	ld	b, (hl)
    0000072C 79               [ 4] 1685 	ld	a, c
    0000072D C6 B0            [ 8] 1686 	add	a, #0xb0
    0000072F 5F               [ 4] 1687 	ld	e, a
    00000730 78               [ 4] 1688 	ld	a, b
    00000731 CE FF            [ 8] 1689 	adc	a, #0xff
    00000733 C1               [12] 1690 	pop	bc
    00000734 C5               [16] 1691 	push	bc
    00000735 57               [ 4] 1692 	ld	d, a
    00000736 CDr3Cr07         [24] 1693 	call	_MoveScroll
    00000739                       1694 00108$:
                                   1695 ;C:/Users/franc/Documents/Projets/Perso/GameBoyProjects/CrossZGB/common/src/Scroll.c:364: }
    00000739 E8 04            [16] 1696 	add	sp, #4
    0000073B C9               [16] 1697 	ret
                                   1698 ;C:/Users/franc/Documents/Projets/Perso/GameBoyProjects/CrossZGB/common/src/Scroll.c:366: void MoveScroll(INT16 x, INT16 y) {
                                   1699 ;	---------------------------------
                                   1700 ; Function MoveScroll
                                   1701 ; ---------------------------------
    0000073C                       1702 _MoveScroll::
    0000073C 3B               [ 8] 1703 	dec	sp
    0000073D 3B               [ 8] 1704 	dec	sp
                                   1705 ;C:/Users/franc/Documents/Projets/Perso/GameBoyProjects/CrossZGB/common/src/Scroll.c:370: __save = CURRENT_BANK;
    0000073E F0r00            [12] 1706 	ldh	a, (__current_bank + 0)
    00000740 EAr26r02         [16] 1707 	ld	(#_MoveScroll___save_10000_367),a
                                   1708 ;C:/Users/franc/Documents/Projets/Perso/GameBoyProjects/CrossZGB/common/src/Scroll.c:371: SWITCH_ROM(scroll_bank);
    00000743 FAr08r02         [16] 1709 	ld	a, (_scroll_bank)
    00000746 E0r00            [12] 1710 	ldh	(__current_bank + 0), a
    00000748 EAr00r00         [16] 1711 	ld	(#_rROMB0),a
                                   1712 ;C:/Users/franc/Documents/Projets/Perso/GameBoyProjects/CrossZGB/common/src/Scroll.c:373: current_column = PX_TO_TILE(scroll_x);
    0000074B FAr06r00         [16] 1713 	ld	a, (#_scroll_x)
    0000074E EAr1Er02         [16] 1714 	ld	(#_MoveScroll_current_column_10000_367),a
    00000751 FAr07r00         [16] 1715 	ld	a, (#_scroll_x + 1)
    00000754 21r1Fr02         [12] 1716 	ld	hl, #_MoveScroll_current_column_10000_367 + 1
    00000757 77               [ 8] 1717 	ld	(hl), a
    00000758 CB 2E            [16] 1718 	sra	(hl)
    0000075A 2B               [ 8] 1719 	dec	hl
    0000075B CB 1E            [16] 1720 	rr	(hl)
    0000075D 23               [ 8] 1721 	inc	hl
    0000075E CB 2E            [16] 1722 	sra	(hl)
    00000760 2B               [ 8] 1723 	dec	hl
    00000761 CB 1E            [16] 1724 	rr	(hl)
    00000763 23               [ 8] 1725 	inc	hl
    00000764 CB 2E            [16] 1726 	sra	(hl)
    00000766 2B               [ 8] 1727 	dec	hl
    00000767 CB 1E            [16] 1728 	rr	(hl)
                                   1729 ;C:/Users/franc/Documents/Projets/Perso/GameBoyProjects/CrossZGB/common/src/Scroll.c:374: current_row    = PX_TO_TILE(scroll_y);
    00000769 FAr08r00         [16] 1730 	ld	a, (#_scroll_y)
    0000076C EAr22r02         [16] 1731 	ld	(#_MoveScroll_current_row_10000_367),a
    0000076F FAr09r00         [16] 1732 	ld	a, (#_scroll_y + 1)
    00000772 21r23r02         [12] 1733 	ld	hl, #_MoveScroll_current_row_10000_367 + 1
    00000775 77               [ 8] 1734 	ld	(hl), a
    00000776 CB 2E            [16] 1735 	sra	(hl)
    00000778 2B               [ 8] 1736 	dec	hl
    00000779 CB 1E            [16] 1737 	rr	(hl)
    0000077B 23               [ 8] 1738 	inc	hl
    0000077C CB 2E            [16] 1739 	sra	(hl)
    0000077E 2B               [ 8] 1740 	dec	hl
    0000077F CB 1E            [16] 1741 	rr	(hl)
    00000781 23               [ 8] 1742 	inc	hl
    00000782 CB 2E            [16] 1743 	sra	(hl)
    00000784 2B               [ 8] 1744 	dec	hl
    00000785 CB 1E            [16] 1745 	rr	(hl)
                                   1746 ;C:/Users/franc/Documents/Projets/Perso/GameBoyProjects/CrossZGB/common/src/Scroll.c:376: scroll_x = x;
    00000787 21r06r00         [12] 1747 	ld	hl, #_scroll_x
    0000078A 7B               [ 4] 1748 	ld	a, e
    0000078B 22               [ 8] 1749 	ld	(hl+), a
    0000078C 72               [ 8] 1750 	ld	(hl), d
                                   1751 ;C:/Users/franc/Documents/Projets/Perso/GameBoyProjects/CrossZGB/common/src/Scroll.c:377: scroll_y = y;
    0000078D 21r08r00         [12] 1752 	ld	hl, #_scroll_y
    00000790 79               [ 4] 1753 	ld	a, c
    00000791 22               [ 8] 1754 	ld	(hl+), a
    00000792 70               [ 8] 1755 	ld	(hl), b
                                   1756 ;C:/Users/franc/Documents/Projets/Perso/GameBoyProjects/CrossZGB/common/src/Scroll.c:378: ClampScrollLimits();
    00000793 CDr00r00         [24] 1757 	call	_ClampScrollLimits
                                   1758 ;C:/Users/franc/Documents/Projets/Perso/GameBoyProjects/CrossZGB/common/src/Scroll.c:380: new_column     = PX_TO_TILE(scroll_x);
    00000796 FAr06r00         [16] 1759 	ld	a, (#_scroll_x)
    00000799 EAr20r02         [16] 1760 	ld	(#_MoveScroll_new_column_10000_367),a
    0000079C FAr07r00         [16] 1761 	ld	a, (#_scroll_x + 1)
    0000079F 21r21r02         [12] 1762 	ld	hl, #_MoveScroll_new_column_10000_367 + 1
    000007A2 77               [ 8] 1763 	ld	(hl), a
    000007A3 CB 2E            [16] 1764 	sra	(hl)
    000007A5 2B               [ 8] 1765 	dec	hl
    000007A6 CB 1E            [16] 1766 	rr	(hl)
    000007A8 23               [ 8] 1767 	inc	hl
    000007A9 CB 2E            [16] 1768 	sra	(hl)
    000007AB 2B               [ 8] 1769 	dec	hl
    000007AC CB 1E            [16] 1770 	rr	(hl)
    000007AE 23               [ 8] 1771 	inc	hl
    000007AF CB 2E            [16] 1772 	sra	(hl)
    000007B1 2B               [ 8] 1773 	dec	hl
    000007B2 CB 1E            [16] 1774 	rr	(hl)
                                   1775 ;C:/Users/franc/Documents/Projets/Perso/GameBoyProjects/CrossZGB/common/src/Scroll.c:381: new_row        = PX_TO_TILE(scroll_y);
    000007B4 FAr08r00         [16] 1776 	ld	a, (#_scroll_y)
    000007B7 EAr24r02         [16] 1777 	ld	(#_MoveScroll_new_row_10000_367),a
    000007BA FAr09r00         [16] 1778 	ld	a, (#_scroll_y + 1)
    000007BD 21r25r02         [12] 1779 	ld	hl, #_MoveScroll_new_row_10000_367 + 1
    000007C0 77               [ 8] 1780 	ld	(hl), a
    000007C1 CB 2E            [16] 1781 	sra	(hl)
    000007C3 2B               [ 8] 1782 	dec	hl
    000007C4 CB 1E            [16] 1783 	rr	(hl)
    000007C6 23               [ 8] 1784 	inc	hl
    000007C7 CB 2E            [16] 1785 	sra	(hl)
    000007C9 2B               [ 8] 1786 	dec	hl
    000007CA CB 1E            [16] 1787 	rr	(hl)
    000007CC 23               [ 8] 1788 	inc	hl
    000007CD CB 2E            [16] 1789 	sra	(hl)
    000007CF 2B               [ 8] 1790 	dec	hl
    000007D0 CB 1E            [16] 1791 	rr	(hl)
                                   1792 ;C:/Users/franc/Documents/Projets/Perso/GameBoyProjects/CrossZGB/common/src/Scroll.c:383: if (current_column != new_column) {
    000007D2 FAr1Er02         [16] 1793 	ld	a, (#_MoveScroll_current_column_10000_367)
    000007D5 21r20r02         [12] 1794 	ld	hl, #_MoveScroll_new_column_10000_367
    000007D8 96               [ 8] 1795 	sub	a, (hl)
    000007D9 20 09            [12] 1796 	jr	NZ, 00168$
    000007DB FAr1Fr02         [16] 1797 	ld	a, (#_MoveScroll_current_column_10000_367 + 1)
    000007DE 21r21r02         [12] 1798 	ld	hl, #_MoveScroll_new_column_10000_367 + 1
    000007E1 96               [ 8] 1799 	sub	a, (hl)
    000007E2 28 41            [12] 1800 	jr	Z, 00105$
    000007E4                       1801 00168$:
                                   1802 ;C:/Users/franc/Documents/Projets/Perso/GameBoyProjects/CrossZGB/common/src/Scroll.c:385: ScrollUpdateColumnWithDelay(new_column - SCREEN_PAD_LEFT + SCREEN_TILE_REFRES_W - 1, new_row - SCREEN_PAD_TOP);
    000007E4 21r24r02         [12] 1803 	ld	hl, #_MoveScroll_new_row_10000_367
    000007E7 2A               [ 8] 1804 	ld	a, (hl+)
    000007E8 4F               [ 4] 1805 	ld	c, a
    000007E9 46               [ 8] 1806 	ld	b, (hl)
    000007EA 0B               [ 8] 1807 	dec	bc
                                   1808 ;C:/Users/franc/Documents/Projets/Perso/GameBoyProjects/CrossZGB/common/src/Scroll.c:384: if (new_column > current_column) {
    000007EB 11r1Er02         [12] 1809 	ld	de, #_MoveScroll_current_column_10000_367
    000007EE 21r20r02         [12] 1810 	ld	hl, #_MoveScroll_new_column_10000_367
    000007F1 1A               [ 8] 1811 	ld	a, (de)
    000007F2 13               [ 8] 1812 	inc	de
    000007F3 96               [ 8] 1813 	sub	a, (hl)
    000007F4 23               [ 8] 1814 	inc	hl
    000007F5 1A               [ 8] 1815 	ld	a, (de)
    000007F6 9E               [ 8] 1816 	sbc	a, (hl)
    000007F7 1A               [ 8] 1817 	ld	a, (de)
    000007F8 57               [ 4] 1818 	ld	d, a
    000007F9 CB 7E            [12] 1819 	bit	7, (hl)
    000007FB 28 07            [12] 1820 	jr	Z, 00169$
    000007FD CB 7A            [ 8] 1821 	bit	7, d
    000007FF 20 08            [12] 1822 	jr	NZ, 00170$
    00000801 BF               [ 4] 1823 	cp	a, a
    00000802 18 05            [12] 1824 	jr	00170$
    00000804                       1825 00169$:
    00000804 CB 7A            [ 8] 1826 	bit	7, d
    00000806 28 01            [12] 1827 	jr	Z, 00170$
    00000808 37               [ 4] 1828 	scf
    00000809                       1829 00170$:
    00000809 30 10            [12] 1830 	jr	NC, 00102$
                                   1831 ;C:/Users/franc/Documents/Projets/Perso/GameBoyProjects/CrossZGB/common/src/Scroll.c:385: ScrollUpdateColumnWithDelay(new_column - SCREEN_PAD_LEFT + SCREEN_TILE_REFRES_W - 1, new_row - SCREEN_PAD_TOP);
    0000080B 21r20r02         [12] 1832 	ld	hl, #_MoveScroll_new_column_10000_367
    0000080E 2A               [ 8] 1833 	ld	a, (hl+)
    0000080F C6 15            [ 8] 1834 	add	a, #0x15
    00000811 5F               [ 4] 1835 	ld	e, a
    00000812 7E               [ 8] 1836 	ld	a, (hl)
    00000813 CE 00            [ 8] 1837 	adc	a, #0x00
    00000815 57               [ 4] 1838 	ld	d, a
    00000816 CDrEFr05         [24] 1839 	call	_ScrollUpdateColumnWithDelay
    00000819 18 0A            [12] 1840 	jr	00105$
    0000081B                       1841 00102$:
                                   1842 ;C:/Users/franc/Documents/Projets/Perso/GameBoyProjects/CrossZGB/common/src/Scroll.c:387: ScrollUpdateColumnWithDelay(new_column - SCREEN_PAD_LEFT,                            new_row - SCREEN_PAD_TOP);
    0000081B 21r20r02         [12] 1843 	ld	hl, #_MoveScroll_new_column_10000_367
    0000081E 2A               [ 8] 1844 	ld	a, (hl+)
    0000081F 5F               [ 4] 1845 	ld	e, a
    00000820 56               [ 8] 1846 	ld	d, (hl)
    00000821 1B               [ 8] 1847 	dec	de
    00000822 CDrEFr05         [24] 1848 	call	_ScrollUpdateColumnWithDelay
    00000825                       1849 00105$:
                                   1850 ;C:/Users/franc/Documents/Projets/Perso/GameBoyProjects/CrossZGB/common/src/Scroll.c:391: if (current_row != new_row) {
    00000825 FAr22r02         [16] 1851 	ld	a, (#_MoveScroll_current_row_10000_367)
    00000828 21r24r02         [12] 1852 	ld	hl, #_MoveScroll_new_row_10000_367
    0000082B 96               [ 8] 1853 	sub	a, (hl)
    0000082C 20 09            [12] 1854 	jr	NZ, 00171$
    0000082E FAr23r02         [16] 1855 	ld	a, (#_MoveScroll_current_row_10000_367 + 1)
    00000831 21r25r02         [12] 1856 	ld	hl, #_MoveScroll_new_row_10000_367 + 1
    00000834 96               [ 8] 1857 	sub	a, (hl)
    00000835 28 6F            [12] 1858 	jr	Z, 00112$
    00000837                       1859 00171$:
                                   1860 ;C:/Users/franc/Documents/Projets/Perso/GameBoyProjects/CrossZGB/common/src/Scroll.c:387: ScrollUpdateColumnWithDelay(new_column - SCREEN_PAD_LEFT,                            new_row - SCREEN_PAD_TOP);
    00000837 21r20r02         [12] 1861 	ld	hl, #_MoveScroll_new_column_10000_367
    0000083A 2A               [ 8] 1862 	ld	a, (hl+)
    0000083B 5F               [ 4] 1863 	ld	e, a
    0000083C 56               [ 8] 1864 	ld	d, (hl)
    0000083D 21 01 00         [12] 1865 	ld	hl, #0x0001
    00000840 7B               [ 4] 1866 	ld	a, e
    00000841 95               [ 4] 1867 	sub	a, l
    00000842 5F               [ 4] 1868 	ld	e, a
    00000843 7A               [ 4] 1869 	ld	a, d
    00000844 9C               [ 4] 1870 	sbc	a, h
    00000845 F8 01            [12] 1871 	ldhl	sp,	#1
    00000847 32               [ 8] 1872 	ld	(hl-), a
    00000848 73               [ 8] 1873 	ld	(hl), e
                                   1874 ;C:/Users/franc/Documents/Projets/Perso/GameBoyProjects/CrossZGB/common/src/Scroll.c:392: if (new_row > current_row) {
    00000849 11r22r02         [12] 1875 	ld	de, #_MoveScroll_current_row_10000_367
    0000084C 21r24r02         [12] 1876 	ld	hl, #_MoveScroll_new_row_10000_367
    0000084F 1A               [ 8] 1877 	ld	a, (de)
    00000850 13               [ 8] 1878 	inc	de
    00000851 96               [ 8] 1879 	sub	a, (hl)
    00000852 23               [ 8] 1880 	inc	hl
    00000853 1A               [ 8] 1881 	ld	a, (de)
    00000854 9E               [ 8] 1882 	sbc	a, (hl)
    00000855 1A               [ 8] 1883 	ld	a, (de)
    00000856 57               [ 4] 1884 	ld	d, a
    00000857 CB 7E            [12] 1885 	bit	7, (hl)
    00000859 28 07            [12] 1886 	jr	Z, 00172$
    0000085B CB 7A            [ 8] 1887 	bit	7, d
    0000085D 20 08            [12] 1888 	jr	NZ, 00173$
    0000085F BF               [ 4] 1889 	cp	a, a
    00000860 18 05            [12] 1890 	jr	00173$
    00000862                       1891 00172$:
    00000862 CB 7A            [ 8] 1892 	bit	7, d
    00000864 28 01            [12] 1893 	jr	Z, 00173$
    00000866 37               [ 4] 1894 	scf
    00000867                       1895 00173$:
    00000867 30 12            [12] 1896 	jr	NC, 00109$
                                   1897 ;C:/Users/franc/Documents/Projets/Perso/GameBoyProjects/CrossZGB/common/src/Scroll.c:393: ScrollUpdateRowWithDelay(new_column - SCREEN_PAD_LEFT, new_row - SCREEN_PAD_TOP + SCREEN_TILE_REFRES_H - 1);
    00000869 21r24r02         [12] 1898 	ld	hl, #_MoveScroll_new_row_10000_367
    0000086C 2A               [ 8] 1899 	ld	a, (hl+)
    0000086D C6 13            [ 8] 1900 	add	a, #0x13
    0000086F 4F               [ 4] 1901 	ld	c, a
    00000870 7E               [ 8] 1902 	ld	a, (hl)
    00000871 CE 00            [ 8] 1903 	adc	a, #0x00
    00000873 47               [ 4] 1904 	ld	b, a
    00000874 D1               [12] 1905 	pop	de
    00000875 D5               [16] 1906 	push	de
    00000876 CDrEBr04         [24] 1907 	call	_ScrollUpdateRowWithDelay
    00000879 18 2B            [12] 1908 	jr	00112$
    0000087B                       1909 00109$:
                                   1910 ;C:/Users/franc/Documents/Projets/Perso/GameBoyProjects/CrossZGB/common/src/Scroll.c:394: } else if (new_row >= SCREEN_PAD_TOP) {
    0000087B 21r24r02         [12] 1911 	ld	hl, #_MoveScroll_new_row_10000_367
    0000087E 2A               [ 8] 1912 	ld	a, (hl+)
    0000087F D6 01            [ 8] 1913 	sub	a, #0x01
    00000881 7E               [ 8] 1914 	ld	a, (hl)
    00000882 DE 00            [ 8] 1915 	sbc	a, #0x00
    00000884 56               [ 8] 1916 	ld	d, (hl)
    00000885 3E 00            [ 8] 1917 	ld	a, #0x00
    00000887 5F               [ 4] 1918 	ld	e, a
    00000888 CB 7B            [ 8] 1919 	bit	7, e
    0000088A 28 07            [12] 1920 	jr	Z, 00174$
    0000088C CB 7A            [ 8] 1921 	bit	7, d
    0000088E 20 08            [12] 1922 	jr	NZ, 00175$
    00000890 BF               [ 4] 1923 	cp	a, a
    00000891 18 05            [12] 1924 	jr	00175$
    00000893                       1925 00174$:
    00000893 CB 7A            [ 8] 1926 	bit	7, d
    00000895 28 01            [12] 1927 	jr	Z, 00175$
    00000897 37               [ 4] 1928 	scf
    00000898                       1929 00175$:
    00000898 38 0C            [12] 1930 	jr	C, 00112$
                                   1931 ;C:/Users/franc/Documents/Projets/Perso/GameBoyProjects/CrossZGB/common/src/Scroll.c:395: ScrollUpdateRowWithDelay(new_column - SCREEN_PAD_LEFT, new_row - SCREEN_PAD_TOP);
    0000089A 21r24r02         [12] 1932 	ld	hl, #_MoveScroll_new_row_10000_367
    0000089D 2A               [ 8] 1933 	ld	a, (hl+)
    0000089E 4F               [ 4] 1934 	ld	c, a
    0000089F 46               [ 8] 1935 	ld	b, (hl)
    000008A0 0B               [ 8] 1936 	dec	bc
    000008A1 D1               [12] 1937 	pop	de
    000008A2 D5               [16] 1938 	push	de
    000008A3 CDrEBr04         [24] 1939 	call	_ScrollUpdateRowWithDelay
    000008A6                       1940 00112$:
                                   1941 ;C:/Users/franc/Documents/Projets/Perso/GameBoyProjects/CrossZGB/common/src/Scroll.c:399: if (pending_w_i) {
    000008A6 FAr12r02         [16] 1942 	ld	a, (#_pending_w_i)
    000008A9 B7               [ 4] 1943 	or	a, a
    000008AA 28 03            [12] 1944 	jr	Z, 00114$
                                   1945 ;C:/Users/franc/Documents/Projets/Perso/GameBoyProjects/CrossZGB/common/src/Scroll.c:400: ScrollUpdateRowR();
    000008AC CDr95r04         [24] 1946 	call	_ScrollUpdateRowR
    000008AF                       1947 00114$:
                                   1948 ;C:/Users/franc/Documents/Projets/Perso/GameBoyProjects/CrossZGB/common/src/Scroll.c:402: if (pending_h_i) {
    000008AF FAr0Dr02         [16] 1949 	ld	a, (#_pending_h_i)
    000008B2 B7               [ 4] 1950 	or	a, a
    000008B3 28 03            [12] 1951 	jr	Z, 00116$
                                   1952 ;C:/Users/franc/Documents/Projets/Perso/GameBoyProjects/CrossZGB/common/src/Scroll.c:403: ScrollUpdateColumnR();
    000008B5 CDr94r05         [24] 1953 	call	_ScrollUpdateColumnR
    000008B8                       1954 00116$:
                                   1955 ;C:/Users/franc/Documents/Projets/Perso/GameBoyProjects/CrossZGB/common/src/Scroll.c:405: SWITCH_ROM(__save);
    000008B8 FAr26r02         [16] 1956 	ld	a, (_MoveScroll___save_10000_367)
    000008BB E0r00            [12] 1957 	ldh	(__current_bank + 0), a
    000008BD EAr00r00         [16] 1958 	ld	(#_rROMB0),a
                                   1959 ;C:/Users/franc/Documents/Projets/Perso/GameBoyProjects/CrossZGB/common/src/Scroll.c:406: }
    000008C0 33               [ 8] 1960 	inc	sp
    000008C1 33               [ 8] 1961 	inc	sp
    000008C2 C9               [16] 1962 	ret
                                   1963 ;C:/Users/franc/Documents/Projets/Perso/GameBoyProjects/CrossZGB/common/src/Scroll.c:408: UINT8 GetScrollTile(UINT16 x, UINT16 y) {
                                   1964 ;	---------------------------------
                                   1965 ; Function GetScrollTile
                                   1966 ; ---------------------------------
    000008C3                       1967 _GetScrollTile::
    000008C3 68               [ 4] 1968 	ld	l, b
                                   1969 ;C:/Users/franc/Documents/Projets/Perso/GameBoyProjects/CrossZGB/common/src/Scroll.c:410: UINT8 __save = CURRENT_BANK;
    000008C4 F0r00            [12] 1970 	ldh	a, (__current_bank + 0)
    000008C6 47               [ 4] 1971 	ld	b, a
                                   1972 ;C:/Users/franc/Documents/Projets/Perso/GameBoyProjects/CrossZGB/common/src/Scroll.c:411: SWITCH_ROM(scroll_bank);
    000008C7 FAr08r02         [16] 1973 	ld	a, (_scroll_bank)
    000008CA E0r00            [12] 1974 	ldh	(__current_bank + 0), a
    000008CC EAr00r00         [16] 1975 	ld	(_rROMB0), a
                                   1976 ;C:/Users/franc/Documents/Projets/Perso/GameBoyProjects/CrossZGB/common/include/Scroll.h:154: return scroll_map + (scroll_tiles_w * y + x);
    000008CF C5               [16] 1977 	push	bc
    000008D0 D5               [16] 1978 	push	de
    000008D1 45               [ 4] 1979 	ld	b, l
    000008D2 FAr04r00         [16] 1980 	ld	a, (_scroll_tiles_w)
    000008D5 5F               [ 4] 1981 	ld	e, a
    000008D6 21r05r00         [12] 1982 	ld	hl, #_scroll_tiles_w + 1
    000008D9 56               [ 8] 1983 	ld	d, (hl)
    000008DA CDr00r00         [24] 1984 	call	__mulint
    000008DD 69               [ 4] 1985 	ld	l, c
    000008DE 60               [ 4] 1986 	ld	h, b
    000008DF D1               [12] 1987 	pop	de
    000008E0 C1               [12] 1988 	pop	bc
    000008E1 19               [ 8] 1989 	add	hl, de
    000008E2 7D               [ 4] 1990 	ld	a, l
    000008E3 54               [ 4] 1991 	ld	d, h
    000008E4 21r02r00         [12] 1992 	ld	hl, #_scroll_map
    000008E7 86               [ 8] 1993 	add	a, (hl)
    000008E8 23               [ 8] 1994 	inc	hl
    000008E9 5F               [ 4] 1995 	ld	e, a
    000008EA 7A               [ 4] 1996 	ld	a, d
    000008EB 8E               [ 8] 1997 	adc	a, (hl)
    000008EC 57               [ 4] 1998 	ld	d, a
                                   1999 ;C:/Users/franc/Documents/Projets/Perso/GameBoyProjects/CrossZGB/common/src/Scroll.c:412: ret = *GetScrollTilePtr(x, y);
    000008ED 1A               [ 8] 2000 	ld	a, (de)
    000008EE 4F               [ 4] 2001 	ld	c, a
                                   2002 ;C:/Users/franc/Documents/Projets/Perso/GameBoyProjects/CrossZGB/common/src/Scroll.c:413: SWITCH_ROM(__save);
    000008EF 78               [ 4] 2003 	ld	a, b
    000008F0 E0r00            [12] 2004 	ldh	(__current_bank + 0), a
    000008F2 21r00r00         [12] 2005 	ld	hl, #_rROMB0
    000008F5 70               [ 8] 2006 	ld	(hl), b
                                   2007 ;C:/Users/franc/Documents/Projets/Perso/GameBoyProjects/CrossZGB/common/src/Scroll.c:414: return ret;
    000008F6 79               [ 4] 2008 	ld	a, c
                                   2009 ;C:/Users/franc/Documents/Projets/Perso/GameBoyProjects/CrossZGB/common/src/Scroll.c:415: }
    000008F7 C9               [16] 2010 	ret
                                   2011 ;C:/Users/franc/Documents/Projets/Perso/GameBoyProjects/CrossZGB/common/src/Scroll.c:417: void GetMapSize(UINT8 map_bank, const struct MapInfo* map, UINT16* tiles_w, UINT16* tiles_h) {
                                   2012 ;	---------------------------------
                                   2013 ; Function GetMapSize
                                   2014 ; ---------------------------------
    000008F8                       2015 _GetMapSize::
    000008F8 E8 FB            [16] 2016 	add	sp, #-5
    000008FA 4F               [ 4] 2017 	ld	c, a
    000008FB F8 03            [12] 2018 	ldhl	sp,	#3
    000008FD 73               [ 8] 2019 	ld	(hl), e
    000008FE 23               [ 8] 2020 	inc	hl
    000008FF 72               [ 8] 2021 	ld	(hl), d
                                   2022 ;C:/Users/franc/Documents/Projets/Perso/GameBoyProjects/CrossZGB/common/src/Scroll.c:418: UINT8 __save = CURRENT_BANK;
    00000900 F0r00            [12] 2023 	ldh	a, (__current_bank + 0)
    00000902 F8 00            [12] 2024 	ldhl	sp,	#0
    00000904 77               [ 8] 2025 	ld	(hl), a
                                   2026 ;C:/Users/franc/Documents/Projets/Perso/GameBoyProjects/CrossZGB/common/src/Scroll.c:419: SWITCH_ROM(map_bank);
    00000905 79               [ 4] 2027 	ld	a, c
    00000906 E0r00            [12] 2028 	ldh	(__current_bank + 0), a
    00000908 21r00r00         [12] 2029 	ld	hl, #_rROMB0
    0000090B 71               [ 8] 2030 	ld	(hl), c
                                   2031 ;C:/Users/franc/Documents/Projets/Perso/GameBoyProjects/CrossZGB/common/src/Scroll.c:420: if (tiles_w) *tiles_w = map->width;
    0000090C F8 08            [12] 2032 	ldhl	sp,	#8
    0000090E 3A               [ 8] 2033 	ld	a, (hl-)
    0000090F B6               [ 8] 2034 	or	a, (hl)
    00000910 28 10            [12] 2035 	jr	Z, 00102$
    00000912 2A               [ 8] 2036 	ld	a, (hl+)
    00000913 4F               [ 4] 2037 	ld	c, a
    00000914 46               [ 8] 2038 	ld	b, (hl)
    00000915 F8 03            [12] 2039 	ldhl	sp,	#3
    00000917 2A               [ 8] 2040 	ld	a, (hl+)
    00000918 66               [ 8] 2041 	ld	h, (hl)
    00000919 6F               [ 4] 2042 	ld	l, a
    0000091A 23               [ 8] 2043 	inc	hl
    0000091B 23               [ 8] 2044 	inc	hl
    0000091C 2A               [ 8] 2045 	ld	a,	(hl+)
    0000091D 66               [ 8] 2046 	ld	h, (hl)
    0000091E 02               [ 8] 2047 	ld	(bc), a
    0000091F 03               [ 8] 2048 	inc	bc
    00000920 7C               [ 4] 2049 	ld	a, h
    00000921 02               [ 8] 2050 	ld	(bc), a
    00000922                       2051 00102$:
                                   2052 ;C:/Users/franc/Documents/Projets/Perso/GameBoyProjects/CrossZGB/common/src/Scroll.c:421: if (tiles_h) *tiles_h = map->height;
    00000922 F8 0A            [12] 2053 	ldhl	sp,	#10
    00000924 3A               [ 8] 2054 	ld	a, (hl-)
    00000925 B6               [ 8] 2055 	or	a, (hl)
    00000926 28 1C            [12] 2056 	jr	Z, 00104$
    00000928 7E               [ 8] 2057 	ld	a, (hl)
    00000929 F8 01            [12] 2058 	ldhl	sp,	#1
    0000092B 77               [ 8] 2059 	ld	(hl), a
    0000092C F8 0A            [12] 2060 	ldhl	sp,	#10
    0000092E 7E               [ 8] 2061 	ld	a, (hl)
    0000092F F8 02            [12] 2062 	ldhl	sp,	#2
    00000931 22               [ 8] 2063 	ld	(hl+), a
    00000932 2A               [ 8] 2064 	ld	a, (hl+)
    00000933 5F               [ 4] 2065 	ld	e, a
    00000934 56               [ 8] 2066 	ld	d, (hl)
    00000935 21 04 00         [12] 2067 	ld	hl, #0x0004
    00000938 19               [ 8] 2068 	add	hl, de
    00000939 2A               [ 8] 2069 	ld	a, (hl+)
    0000093A 4F               [ 4] 2070 	ld	c, a
    0000093B 46               [ 8] 2071 	ld	b, (hl)
    0000093C F8 01            [12] 2072 	ldhl	sp,	#1
    0000093E 2A               [ 8] 2073 	ld	a, (hl+)
    0000093F 66               [ 8] 2074 	ld	h, (hl)
    00000940 6F               [ 4] 2075 	ld	l, a
    00000941 79               [ 4] 2076 	ld	a, c
    00000942 22               [ 8] 2077 	ld	(hl+), a
    00000943 70               [ 8] 2078 	ld	(hl), b
    00000944                       2079 00104$:
                                   2080 ;C:/Users/franc/Documents/Projets/Perso/GameBoyProjects/CrossZGB/common/src/Scroll.c:422: SWITCH_ROM(__save);
    00000944 F8 00            [12] 2081 	ldhl	sp,	#0
    00000946 7E               [ 8] 2082 	ld	a, (hl)
    00000947 E0r00            [12] 2083 	ldh	(__current_bank + 0), a
    00000949 7E               [ 8] 2084 	ld	a, (hl)
    0000094A EAr00r00         [16] 2085 	ld	(#_rROMB0),a
                                   2086 ;C:/Users/franc/Documents/Projets/Perso/GameBoyProjects/CrossZGB/common/src/Scroll.c:423: }
    0000094D E8 05            [16] 2087 	add	sp, #5
    0000094F E1               [12] 2088 	pop	hl
    00000950 E8 04            [16] 2089 	add	sp, #4
    00000952 E9               [ 4] 2090 	jp	(hl)
                                   2091 	.area _CODE
                                   2092 	.area _INITIALIZER
    00000000                       2093 __xinit__scroll_top_movement_limit:
    00000000 1E                    2094 	.db #0x1e	; 30
    00000001                       2095 __xinit__scroll_bottom_movement_limit:
    00000001 64                    2096 	.db #0x64	; 100	'd'
    00000002                       2097 __xinit__scroll_map:
    00000002 00 00                 2098 	.dw #0x0000
    00000004                       2099 __xinit__scroll_cmap:
    00000004 00 00                 2100 	.dw #0x0000
    00000006                       2101 __xinit__scroll_x:
    00000006 00 00                 2102 	.dw #0x0000
    00000008                       2103 __xinit__scroll_y:
    00000008 00 00                 2104 	.dw #0x0000
    0000000A                       2105 __xinit__scroll_x_vblank:
    0000000A 00 00                 2106 	.dw #0x0000
    0000000C                       2107 __xinit__scroll_y_vblank:
    0000000C 00 00                 2108 	.dw #0x0000
    0000000E                       2109 __xinit__scroll_target:
    0000000E 00 00                 2110 	.dw #0x0000
    00000010                       2111 __xinit__scroll_offset_x:
    00000010 00                    2112 	.db #0x00	; 0
    00000011                       2113 __xinit__scroll_offset_y:
    00000011 00                    2114 	.db #0x00	; 0
    00000012                       2115 __xinit__scroll_h_border:
    00000012 00 00                 2116 	.dw #0x0000
    00000014                       2117 __xinit__clamp_enabled:
    00000014 01                    2118 	.db #0x01	; 1
    00000015                       2119 __xinit__pending_h_map:
    00000015 00 00                 2120 	.dw #0x0000
    00000017                       2121 __xinit__pending_w_map:
    00000017 00 00                 2122 	.dw #0x0000
    00000019                       2123 __xinit__last_tile_loaded:
    00000019 00                    2124 	.db #0x00	; 0
                                   2125 	.area _CABS (ABS)
